iteration,observed_train_rmse,relative_rmse_change
1,0.5519472019137873,
2,0.4386009871657112,0.2053569876884356
3,0.3651138727757282,0.16754890330928116
4,0.32720819580918187,0.10381878036672128
5,0.3009363835158097,0.08029081370777494
6,0.2837616791372255,0.05707088048953685
7,0.27158201136993987,0.0429221725932754
8,0.2622978437426735,0.03418550286314722
9,0.254383277087198,0.03017396766417981
10,0.24731638172631396,0.027780502876616493
11,0.2409551840475881,0.02572089092652712
12,0.2352472615945557,0.02368873064754271
13,0.23013164007531087,0.02174572186120282
14,0.2255357312589811,0.01997078200470716
15,0.2213908657507137,0.01837786627036883
16,0.21763810355148044,0.016950844771793226
17,0.21422565632957483,0.015679456704595078
18,0.21110704917139822,0.01455758013119957
19,0.2082412121649382,0.013575278597794385
20,0.20559259522742962,0.012718985401461956
21,0.203130735461492,0.011974457364158876
22,0.20082960707277048,0.011328312199990748
23,0.19866705441746726,0.010768096830063573
24,0.19662438716276115,0.01028186208677446
25,0.19468607434903265,0.00985794713309905
26,0.19283940936484148,0.009485347066377613
27,0.19107401264517476,0.009154750709315256
28,0.18938112754194983,0.008859839597175512
29,0.18775287932459625,0.008597732194792772
30,0.18618191100856543,0.008367212911365543
31,0.1846618160375723,0.008164568527407509
32,0.18318834175428372,0.007979312209237605
33,0.181760622310966,0.007793724369385661
34,0.1803813168441498,0.007588582440350752
35,0.17905504115014811,0.007352622307040729
36,0.17778580862048124,0.0070885048614886485
37,0.17657516600587003,0.006809557095727262
38,0.17542200086639093,0.006530732296979808
39,0.17432344933542848,0.00626233611255608
40,0.17327587191431673,0.00600938901281164
41,0.17227544631912642,0.00577360012180469
42,0.17131843162754185,0.005555142720755346
43,0.17040126741182218,0.005353564161231881
44,0.1695206117301547,0.005168128706103637
45,0.16867335930868327,0.004997931595599137
46,0.16785665084878254,0.004841952891956685
47,0.16706787517812585,0.004699102875389042
48,0.16630466475416023,0.004568265581590121
49,0.16556488565607752,0.004448336426258894
50,0.16484662360841026,0.004338251102104334
51,0.1641481676365004,0.004237005020915929
52,0.16346799276631474,0.004143664105297061
53,0.16280474281606636,0.0040573689015471785
54,0.16215721406834624,0.003977333439552691
55,0.16152434022129755,0.003902841145149069
56,0.16090517886564185,0.0038332387230767817
57,0.1602988995064479,0.0037679294319059287
58,0.15970477306195124,0.003706366333929596
59,0.1591221627256975,0.0036480458603934743
60,0.15855051599946107,0.0035925022413243173
61,0.1579893577800411,0.0035393023850005504
62,0.15743828441465538,0.0034880410499102117
63,0.15689695897557435,0.0034383342088211972
64,0.15636510851473737,0.003389807325199836
65,0.15584252520132832,0.0033420711204238287
66,0.15532907501972132,0.003294673138436988
67,0.1548247196655022,0.0032470118949403065
68,0.1543295549708238,0.0031982276199060355
69,0.1538438459608323,0.003147219663034113
70,0.15336796218645415,0.0030932909367028714
71,0.15290204738601962,0.0030378887076044536
72,0.1524455859767325,0.0029853191444502475
73,0.15199754711872931,0.002939008401801569
74,0.15155693836855072,0.0028987885563338976
75,0.15112298366079596,0.002863311389277886
76,0.15069500905331384,0.0028319623998605725
77,0.15027235610835823,0.002804691061839218
78,0.14985442649292466,0.0027811476858206462
79,0.14944087203440476,0.002759707992605911
80,0.14903188010485074,0.0027368143934535867
81,0.1486283713283368,0.002707533289052292
82,0.14823184551048604,0.0026679012513351023
83,0.14784383243153998,0.0026176094455939033
84,0.14746532525776407,0.0025601823731888217
85,0.14709661906640004,0.0025002907681486953
86,0.14673753127569755,0.002441169572635724
87,0.14638767300601543,0.0023842453027561696
88,0.14604655093294597,0.0023302650152478947
89,0.14571344693997113,0.002280806981383489
90,0.14538681744396562,0.0022415878758263773
91,0.1450600508153051,0.0022475671068765204
92,0.14463928482198782,0.002900633158146424
93,0.1443115177797432,0.0022660997159106838
94,0.14399573122083942,0.002188228380951139
95,0.14368805730251258,0.002136687773438052
96,0.14338790577452717,0.002088910753059192
97,0.14309480093238663,0.0020441392219050754
98,0.1428083709995392,0.002001679522813573
99,0.14252834436284875,0.00196085589892586
100,0.14225455979252144,0.001920913145741112
101,0.14198699514697705,0.0018808862502167748
102,0.14172586042396482,0.0018391453579387144
103,0.14147200594568785,0.0017911655467645793
104,0.14123078451966486,0.0017050823900495711
105,0.14150614887515006,0.001949747404021929
106,0.14131403010946836,0.0013576707952896712
107,0.14109105115962567,0.0015778967571016093
108,0.140862108342627,0.0016226600845127641
109,0.14062885697783453,0.0016558843789638105
110,0.14039337905000365,0.0016744637828350882
111,0.14015712442511838,0.0016828046057722375
112,0.13992105754453443,0.0016843016832160348
113,0.13968580576226508,0.0016813179259631864
114,0.13945177335118017,0.0016754201316862296
115,0.1392192161995178,0.0016676528815214478
116,0.13898829060500856,0.0016587192545194072
117,0.13875908544897791,0.0016490968773910754
118,0.1385316436875469,0.001639112571945101
119,0.13830597693141466,0.0016289906776910037
120,0.1380820754331522,0.0016188851937576742
121,0.13785991496718036,0.0016089015556504651
122,0.1376394615431094,0.0015991118529518652
123,0.13742067463725044,0.0015895652555313474
124,0.13720350936920794,0.0015802954585672625
125,0.1369879179840915,0.001571325588591964
126,0.13677385084260432,0.0015626716913241015
127,0.13656125709644965,0.0015543449632000486
128,0.13635008514986982,0.001546353270830535
129,0.13614028299147668,0.0015387020709413995
130,0.135931798446522,0.0015313949726968473
131,0.13572457939613755,0.0015244339643308608
132,0.1355185739568532,0.001517819691915013
133,0.13531373069344513,0.0015115512023709888
134,0.13510999881175248,0.0015056260783630681
135,0.13490732838848282,0.0015000401528537965
136,0.13470567061233976,0.0014947874111209231
137,0.1345049780537728,0.001489859763547239
138,0.13430520494478965,0.0014852469542300242
139,0.1341063074824894,0.0014809363671498814
140,0.13390824414681982,0.001476912901322225
141,0.1337109760170107,0.0014731589609435804
142,0.13351446709349193,0.0014696543946681945
143,0.1333186846074374,0.0014663765681470385
144,0.1331235993140809,0.001463300466329431
145,0.13292918575642573,0.0014603988973922873
146,0.13273542250077083,0.001457642688114737
147,0.13254229231894707,0.0014550010704387707
148,0.13234978232177502,0.001452442037963208
149,0.13215788404012183,0.00144993273344904
150,0.13196659342928962,0.0014474400238893585
151,0.13177591082048257,0.0014449309014650704
152,0.1315858407899018,0.0014423731120303592
153,0.13139639196491357,0.0014397356421555357
154,0.13120757676851166,0.0014369892017455275
155,0.13101941109365114,0.0014341067756513612
156,0.13083191392828863,0.0014310640217157545
157,0.1306451069362599,0.0014278396334636905
158,0.1304590139930057,0.0014244157138239852
159,0.13027366070858606,0.0014207779036990368
160,0.1300890739214043,0.0014169156388002312
161,0.129905281207623,0.001412822062922377
162,0.1297223103807264,0.0014084941366177058
163,0.1295401890225887,0.0014039324276847933
164,0.12935894403796377,0.0013991409615229868
165,0.12917860124871136,0.0013941269433947073
166,0.12899918503176425,0.001388900446457687
167,0.12882071799895164,0.0013834741108531535
168,0.12864322074049064,0.0013778626700593748
169,0.12846671160945503,0.0013720826485811206
170,0.12829120657440585,0.0013661518447107292
171,0.1281167191126111,0.0013600890228867221
172,0.12794326015450638,0.0013539135196886849
173,0.12777083808784712,0.0013476447798113564
174,0.1275994587864205,0.001341302162460386
175,0.1274291256877423,0.0013349045544409986
176,0.12725983990196854,0.0013284701190573625
177,0.12709160034219238,0.0013220161199774866
178,0.12692440388448425,0.0013155586778194276
179,0.12675824553719708,0.0013091126859921592
180,0.12659311862470485,0.0013026916852030724
181,0.1264290149773766,0.001296307801806695
182,0.1262659251270775,0.001289971691453086
183,0.12610383849205706,0.0012836926103166981
184,0.12594274356934332,0.0012774783435627632
185,0.1257826281078674,0.001271335346031831
186,0.1256234792839367,0.0012652687125778454
187,0.12546528384981154,0.001259282381182867
188,0.1253080282877275,0.0012533790803222035
189,0.12515169894107223,0.0012475605018404184
190,0.12499628213159782,0.0012418274045771264
191,0.12484176427513785,0.0012361796193048906
192,0.12468813198428268,0.001230616146344944
193,0.12453537217170936,0.0012251351443180842
194,0.12438347214974318,0.001219733954436139
195,0.12423241974636101,0.0012144089626339113
196,0.12408220343622292,0.0012091554720159152
197,0.12393281250662573,0.0012039674140214287
198,0.1237842372626564,0.0011988370227730102
199,0.12363646930232587,0.001193754258201577
200,0.12348950186275992,0.0011887062158542742
201,0.12334333027436951,0.0011836762330846079
202,0.12319795251920877,0.0011786430189403665
203,0.12305336992667702,0.0011735795082244331
204,0.12290958799066541,0.0011684518359577265
205,0.12276661729521518,0.0011632184094628117
206,0.12262447450360235,0.0011578293411067923
207,0.1224831833195586,0.0011522266220973976
208,0.12234277528613682,0.0011463453971101434
209,0.12220329024043555,0.0011401167365628372
210,0.12206477619838688,0.0011334722802974397
211,0.1219272884364343,0.0011263508297358678
212,0.12179088758966286,0.0011187064726904908
213,0.12165563669894891,0.0011105173251519192
214,0.12152159733027361,0.0011017933267407673
215,0.12138882514150304,0.0010925810036031798
216,0.12125736546001914,0.001082963619844371
217,0.1211272495803375,0.0010730554732737852
218,0.12099849239110354,0.0010629911079469438
219,0.12087109173193807,0.0010529111284599702
220,0.1207450295139249,0.0010429476246705364
221,0.12062027424999607,0.0010332124181927829
222,0.12049678442269762,0.0010237899728407101
223,0.12037451200555656,0.0010147359344639267
224,0.12025340560658035,0.00100608008255617
225,0.12013341286575321,0.00099783237091598
226,0.12001448201613756,0.0009899897686962557
227,0.11989656268470082,0.0009825425186676842
228,0.11977960611993006,0.0009754788807276071
229,0.11966356506886792,0.0009687880501623215
230,0.1195483934963388,0.0009624614849376739
231,0.1194340462686875,0.0009564932184120337
232,0.11932047889932873,0.0009508793590002406
233,0.1192076473675884,0.000945617489815161
234,0.11909550802553251,0.0009407059407027983
235,0.11898401754610159,0.0009361434472156188
236,0.11887313292197786,0.000931928727997162
237,0.11876281146606497,0.0009280604725484656
238,0.11865301081407831,0.0009245373246998318
239,0.11854368890688663,0.0009213580543942446
240,0.11843480396600689,0.0009185216175047953
241,0.11832631445026878,0.000916027317183274
242,0.1182181790066558,0.0009138748562851334
243,0.11811035643113951,0.000912064256295222
244,0.11800280563527658,0.0009105958115166057
245,0.11789548565182909,0.0009094697610767283
246,0.11778835567247159,0.0009086860176637585
247,0.11768137515749702,0.0009082435556876698
248,0.11757450400755486,0.0009081398802413293
249,0.11746770283678724,0.0009083701578766547
250,0.11736093334148068,0.0009089263919199526
251,0.1172541587918986,0.0009097963567774324
252,0.11714734465080266,0.0009109624954583471
253,0.1170404593090654,0.0009124008918501094
254,0.1169334749511577,0.0009140801269856902
255,0.11682636850002953,0.000915960559394218
256,0.11671912263362563,0.0009179936668481805
257,0.11661172679236567,0.0009201220745727318
258,0.11650417810755867,0.0009222801836945505
259,0.11639648218537392,0.000924395364476314
260,0.11628865362138835,0.0009263902307102567
261,0.11618071621154459,0.0009281852225684914
262,0.11607270278286683,0.000929701866195166
263,0.11596465468135991,0.0009308657325662115
264,0.11585662096243944,0.000931609025330349
265,0.11574865744216382,0.0009318718203478286
266,0.11564082574868977,0.0009316021097518037
267,0.11553319257361118,0.0009307541206294602
268,0.11542582927308748,0.0009292853259923252
269,0.11531881192954385,0.000927152477201886
270,0.11521222198204803,0.0009243066739271053
271,0.11510614745900262,0.0009206881112139159
272,0.11500068477142718,0.0009162211567631894
273,0.11489594080746302,0.000910811654490142
274,0.1147920346361311,0.0009043502372815987
275,0.11468909761283914,0.0008967261850374886
276,0.11458727026960008,0.0008878554750060362
277,0.11448669460048444,0.0008777211367284492
278,0.11438750150699513,0.0008664159082892346
279,0.11428979518364982,0.0008541695732320614
280,0.11419363812057676,0.0008413442592888319
281,0.11409904100520071,0.00082839216731285
282,0.1140059605096492,0.0008157868351169507
283,0.11391430523893534,0.0008039515680068898
284,0.11382394759613136,0.000793207162300211
285,0.1137347380556289,0.0007837501895382089
286,0.11364651860158022,0.000775659710980641
287,0.11355913333979263,0.000768921590057154
288,0.11347243564460874,0.0007634585843877097
289,0.11338629219694085,0.0007591574744873166
290,0.11330058475999974,0.0007558888758109067
291,0.11321521059096913,0.0007535192268552977
292,0.11313008225989336,0.0007519160246349287
293,0.11304512737081338,0.0007509487077435495
294,0.11296028844224432,0.0007504872659461739
295,0.11287552298908644,0.0007504004666313575
296,0.11279080370328268,0.000750554979151306
297,0.11270611851386406,0.0007508164374943274
298,0.11262147031527744,0.0007510523803212996
299,0.11253687613599853,0.0007511372302466112
300,0.11245236564520135,0.0007509582076460648
301,0.11236797896675112,0.0007504215493027585
302,0.1122837639421072,0.0007494575004221544
303,0.1121997730586842,0.0007480234049360207
304,0.11211606033667278,0.000746104200831476
305,0.1120326784754666,0.0007437102316634761
306,0.11194967649467488,0.0007408729481540253
307,0.11186709800892103,0.0007376393424216965
308,0.11178498018475762,0.0007340659195151564
309,0.11170335331497731,0.000730213215097343
310,0.11162224089623744,0.0007261413049181466
311,0.11154166007770519,0.00072190647567414
312,0.1114616223150257,0.000717559364131177
313,0.11138213413349454,0.0007131439492823378
314,0.11130319790409603,0.0007086974047732692
315,0.11122481256420252,0.000704250563950938
316,0.11114697427311124,0.0006998284761896627
317,0.11106967697245973,0.0006954512361404647
318,0.1109929128584312,0.0006911347554163115
319,0.11091667278060086,0.0006868914047474993
320,0.11084094656626195,0.0006827306701553917
321,0.11076572329142796,0.0006786596214154383
322,0.11069099149977929,0.0006746833716063057
323,0.11061673939361417,0.0006708053217254205
324,0.1105429549785512,0.0006670275716627832
325,0.11046962619661317,0.0006633510199926699
326,0.11039674103191219,0.0006597756071996039
327,0.11032428759625096,0.0006563004938731428
328,0.11025225420044768,0.0006529241871644409
329,0.11018062941652555,0.0006496446212510825
330,0.1101094021225855,0.0006464593124693379
331,0.11003856154214003,0.0006433654082201333
332,0.10996809727212342,0.0006403597886876021
333,0.10989799930379678,0.0006374391306706349
334,0.10982825803955251,0.0006345999443672683
335,0.10975886429748445,0.0006318386843854875
336,0.10968980932233566,0.0006291516916723113
337,0.1096210847804464,0.0006265353391882296
338,0.10955268276055614,0.0006239859788584438
339,0.1094845957669839,0.0006215000112873694
340,0.10941681671049167,0.0006190739073146479
341,0.10934933890010627,0.0006167041997203686
342,0.10928215603059876,0.0006143875233564977
343,0.10921526217055481,0.0006121206102963507
344,0.10914865174845208,0.0006099003086099354
345,0.10908231953733297,0.0006077235958166684
346,0.10901626064045251,0.000605587570567238
347,0.10895047047489466,0.0006034894718581327
348,0.10888494475486943,0.0006014266825982154
349,0.1088196794793058,0.0005993966907964442
350,0.10875467091006583,0.0005973971762372498
351,0.10868991555733107,0.0005954259453215291
352,0.1086254101661942,0.0005934809205260674
353,0.1085611516950797,0.0005915602161243141
354,0.10849713730019911,0.0005896620833609763
355,0.10843336432324199,0.0005877848811868975
356,0.10836983027039186,0.0005859271567073652
357,0.1083065327981471,0.000584087583110802
358,0.10824346969621934,0.0005822649871480224
359,0.10818063887466123,0.000580458310644005
360,0.1081180383454875,0.0005786666618437886
361,0.10805566620896959,0.0005768892728020558
362,0.10799352063873342,0.000575125510919341
363,0.10793159986824516,0.0005733748665848636
364,0.10786990217549111,0.0005716369703531121
365,0.10780842586984159,0.0005699115731977759
366,0.10774716928140039,0.0005681985238811483
367,0.1076861307453794,0.0005664978154700115
368,0.10762530859167205,0.0005648095375547161
369,0.10756470113467004,0.0005631338743190337
370,0.10750430666205814,0.0005614711143601469
371,0.10744412342339282,0.0005598216530478377
372,0.1073841496239119,0.0005581859441915212
373,0.1073243834136146,0.0005565645442705223
374,0.1072648228828822,0.0005549580518237303
375,0.10720546605518011,0.0005533671347865189
376,0.10714631087842369,0.0005517925431710009
377,0.1070873552259128,0.0005502350200165782
378,0.10702859689036967,0.0005486953657522846
379,0.10697003358198047,0.0005471744009611521
380,0.1069116629299486,0.0005456729335991135
381,0.10685348248033556,0.0005441917936600954
382,0.10679548970151012,0.0005427317620285695
383,0.1067376819870128,0.0005412935945037204
384,0.10668005666064109,0.0005398780008987315
385,0.10662261098587068,0.0005384856042320008
386,0.10656534217298849,0.0005371169618963882
387,0.10650824739339751,0.0005357724981382799
388,0.10645132379439948,0.000534452499136333
389,0.10639456851053584,0.0005331571448867089
390,0.10633797869210572,0.0005318863474174543
391,0.1062815515210761,0.0005306398684989094
392,0.10622528424207821,0.0005294171772298122
393,0.10616917419205787,0.0005282174617905777
394,0.1061132188406139,0.0005270395279025092
395,0.10605741583124988,0.0005258817890336063
396,0.10600176303084478,0.0005247421876999435
397,0.10594625859843355,0.0005236180118539993
398,0.10589090105094003,0.000522505921642306
399,0.10583568935679319,0.0005214016841756449
400,0.10578062303286699,0.000520300139403432
401,0.10572570226765365,0.0005191949493081803
402,0.10567092805932095,0.0005180784535631662
403,0.10561630236848346,0.0005169415263091241
404,0.10556182828383293,0.0005157734500160912
405,0.1055075101889072,0.0005145618999671166
406,0.10545335391926394,0.0005132930304798879
407,0.10539936688052856,0.0005119518415385283
408,0.10534555811239811,0.0005105226883520413
409,0.10529193825331691,0.0005089902226726093
410,0.10523851939119502,0.0005073404764699968
411,0.10518531475917993,0.0005055623389884525
412,0.10513233828141481,0.0005036489921278856
413,0.10507960397515156,0.0005015992902401936
414,0.10502712525617001,0.000499418697789909
415,0.10497491420565679,0.0004971196763301079
416,0.10492298089308381,0.0004947211718718698
417,0.10487133282544354,0.0004922474295016357
418,0.1048199746154387,0.0004897259205271379
419,0.10476890787819515,0.0004871851708693781
420,0.1047181313744786,0.0004846524101938343
421,0.10466764135781861,0.0004821516197556813
422,0.10461743205504365,0.00047970224726208243
423,0.1045674962059311,0.00047731862780068775
424,0.10451782560202008,0.000475009976457701
425,0.10446841155628948,0.0004727810346797191
426,0.10441924528923242,0.000470632857575025
427,0.10437031820240267,0.00046856388105690687
428,0.10432162206727166,0.0004665707259469047
429,0.10427314912263477,0.00046464906963996993
430,0.10422489211188471,0.0004627942203347943
431,0.10417684428481888,0.00046100145648746735
432,0.10412899936174642,0.0004592663888114069
433,0.10408135149108777,0.0004575850238714426
434,0.10403389520450121,0.0004559537890956852
435,0.10398662536643351,0.0004543695876693072
436,0.10393953712758794,0.00045282976228564983
437,0.1038926258884787,0.0004513319994071022
438,0.10384588726678692,0.0004498742936957102
439,0.10379931706431282,0.00044845495281349747
440,0.10375291124766566,0.0004470724659817697
441,0.10370666592406368,0.0004457255516578995
442,0.10366057732420492,0.00044441309001782653
443,0.10361464179037076,0.0004431340729512642
444,0.10356885576232853,0.0004418876256394331
445,0.10352321576913685,0.0004406729499495211
446,0.1034777184191783,0.0004394893417918508
447,0.10343236039513476,0.00043833614363045074
448,0.10338713844786122,0.00043721275528062496
449,0.10334204939234218,0.0004361186139394364
450,0.1032970901069518,0.0004350531623355512
451,0.10325225752577206,0.00043401591596935684
452,0.10320754864209675,0.00043300635498607303
453,0.10316296050575086,0.0004320239840257604
454,0.10311849022128772,0.00043106832379688617
455,0.10307413494919854,0.0004301388819211374
456,0.10302989190688798,0.00042923515518576
457,0.10298575836437257,0.0004283566807513931
458,0.10294173165206014,0.00042750291896345016
459,0.10289780915441961,0.0004266733902338508
460,0.10285398831412193,0.0004258675734477138
461,0.10281026663042912,0.00042508496179339937
462,0.10276664166253244,0.0004243250146748829
463,0.1027231110277581,0.0004235872075813385
464,0.10267967240155014,0.0004228710148412003
465,0.10263632352002827,0.0004221758845542788
466,0.10259306217693907,0.00042150129316310486
467,0.10254988622840513,0.00042084666952892135
468,0.10250679358692985,0.0004202114995945063
469,0.10246378222730934,0.00041959521038021887
470,0.10242085018150619,0.0004189972775737135
471,0.10237799554349528,0.0004184171282992821
472,0.10233521646335371,0.00041785424606591406
473,0.1022925111513866,0.00041730807285096926
474,0.10224987787689126,0.0004167780614188732
475,0.10220731496611352,0.0004162636832582488
476,0.10216482080294666,0.0004157644018038029
477,0.10212239383007178,0.0004152796681032536
478,0.10208003254559904,0.00041480896485083797
479,0.10203773550624758,0.00041435174241905915
480,0.10199550132328486,0.0004139074897456011
481,0.10195332866568141,0.0004134756636940337
482,0.10191121625873106,0.00041305573345660503
483,0.10186916288213654,0.00041264718583825986
484,0.10182716737391778,0.0004122494681472046
485,0.1017852286266618,0.0004118620633134379
486,0.10174334559001859,0.00041148442861814124
487,0.10170151727025692,0.00041111602453313415
488,0.10165974273167307,0.0004107562965146603
489,0.10161802109646975,0.00041040469002009673
490,0.10157635154425444,0.000410060654258863
491,0.10153473331596878,0.00040972359858317345
492,0.10149316571239622,0.0004093929457932774
493,0.10145164809891163,0.0004090680706742058
494,0.10141017990261614,0.00040874837494080546
495,0.10136876061872152,0.000408433196099167
496,0.10132738981078898,0.0004081218679209003
497,0.10128606711237766,0.0004078137065258272
498,0.10124479223376873,0.0004075079602324251
499,0.10120356495994566,0.0004072038957606303
500,0.10116238516274385,0.00040690065827330297
501,0.10112125279527359,0.0004065974463145624
502,0.10108016790653258,0.00040629331228903085
503,0.10103913064171374,0.0004059873036300035
504,0.10099814125076803,0.0004056783810923761
505,0.10095720009744795,0.00040536541378943634
506,0.10091630766662972,0.00040504719602720755
507,0.100875464576516,0.0004047223987687223
508,0.10083467158850327,0.00040438959249384913
509,0.10079392962476041,0.0004040471704923511
510,0.10075323978005839,0.00040369340548095334
511,0.1007126033468168,0.00040332631814421347
512,0.1006720218327066,0.0004029437504504681
513,0.10063149699325638,0.00040254321620321294
514,0.10059103085857025,0.00040212195878232845
515,0.10055062577970057,0.0004016767551223425
516,0.10051028447330868,0.0004012039316421785
517,0.10047001008252221,0.0004006992020519129
518,0.10042980625309438,0.00040015751361836865
519,0.10038967723019564,0.0003995728399356729
520,0.10034962797932671,0.00039893793838075025
521,0.10030966434824164,0.0003982439386153984
522,0.10026979328188586,0.0003974798102938501
523,0.10023002311426926,0.0003966315907801949
524,0.10019036397431798,0.0003956812411992554
525,0.10015082836293308,0.00039460492822472045
526,0.10011143201092375,0.00039337020625099955
527,0.1000721951769329,0.00039193160264219666
528,0.10003314472088363,0.0003902228384240332
529,0.09999431758085851,0.00038814275141962857
530,0.09995576697469827,0.0003855279689175546
531,0.09991757444375912,0.0003820943212692656
532,0.09987987593811472,0.0003772960448076478
533,0.09984292791897444,0.0003699245598099706
534,0.09980732082434128,0.0003566311142442829
535,0.09977505022482953,0.0003233289827360687
536,0.09976793996861831,7.126286777307075e-05
537,0.0997368401440213,0.000311721627276165
538,0.09970152956338094,0.0003540374909549662
539,0.09966495983369775,0.000366792062702924
540,0.09962778609798363,0.00037298701345131393
541,0.09959029979113578,0.00037626357380849806
542,0.09955261577490576,0.00037839042867674583
543,0.09951478925602131,0.00037996509273027985
544,0.09947684681954665,0.0003812743488512723
545,0.09943880097413685,0.000382459302100862
546,0.09940065543766759,0.0003836081700058163
547,0.0993624077360991,0.0003847831928278729
548,0.099324050544058,0.00038603323847554734
549,0.09928557262916858,0.00038739776195852215
550,0.09924695967478664,0.00038890800908366826
551,0.09920819512549774,0.0003905867687627586
552,0.09916926111182482,0.0003924475556042835
553,0.09913013945255914,0.00039449380611571345
554,0.09909081271107309,0.0003967183109317231
555,0.09905126524746016,0.00039910323198416364
556,0.09901148419049209,0.0004016208866054018
557,0.09897146024379072,0.0004042353978288677
558,0.09893118826541508,0.0004069049630715687
559,0.09889066755616485,0.000409584782723121
560,0.09884990185184418,0.0004122300448373104
561,0.09880889903327436,0.0004147987787714368
562,0.09876767059610986,0.00041725429154533376
563,0.09872623095599008,0.0004195668468201479
564,0.09868459666322085,0.0004217145976917106
565,0.09864278560476583,0.00042368373453163273
566,0.09860081625514823,0.00042546800924459963
567,0.098558707024131,0.00042706777303208165
568,0.09851647573205145,0.0004284886983065325
569,0.098474139211642,0.0004297405088322883
570,0.09843171304618481,0.0004308356061483807
571,0.09838921141759155,0.000431787960180263
572,0.09834664705229824,0.00043261211956104886
573,0.09830403124146293,0.0004333224579852672
574,0.09826137391050048,0.00043393267217775366
575,0.0982186837215578,0.00043445544514330225
576,0.09817596820471429,0.00043490215125063444
577,0.09813323388039363,0.00043528294247679463
578,0.09809048639636586,0.0004356065966385381
579,0.09804773064734473,0.0004358806913074129
580,0.09800497089310771,0.00043611161578864527
581,0.09796221085940833,0.0004363047436238416
582,0.09791945383167704,0.0004364645035692093
583,0.09787670274029962,0.00043659446314827337
584,0.09783396022752751,0.0004366975140705887
585,0.09779122871590364,0.00043677585497401854
586,0.09774851046209446,0.00043683113884662695
587,0.09770580760898508,0.00043686448936671997
588,0.09766312222364468,0.00043687664413178393
589,0.09762045634318356,0.00043686787284370033
590,0.09757781200274823,0.00043683815905768244
591,0.09753519126827633,0.00043678715065579324
592,0.09749259626105569,0.0004367142430004895
593,0.09745002918317988,0.0004366185690842462
594,0.09740749233074335,0.0004364991246598394
595,0.09736498811620917,0.00043635467372324344
596,0.09732251907320476,0.00043618392839241485
597,0.09728008787125207,0.0004359854467060191
598,0.09723769731907107,0.0004357577496959248
599,0.09719535036189562,0.00043549938288330107
600,0.09715305008766986,0.00043520882499278044
601,0.09711079971441931,0.000434884681566074
602,0.0970686025832306,0.00043452562755943335
603,0.097026462149801,0.00043413042228020925
604,0.09698438196107986,0.0004336980632785253
605,0.09694236564203315,0.0004332276826136071
606,0.09690041686972176,0.0004327186780885286
607,0.09685853935120575,0.0004321706744802354
608,0.0968167367925795,0.00043158361571688875
609,0.09677501286982025,0.00043095774699204
610,0.09673337119667107,0.00043029364620389903
611,0.09669181529191512,0.0004295922311180599
612,0.09665034854165562,0.0004288548119022081
613,0.09660897416784907,0.00042808302743698736
614,0.09656769518747853,0.00042727894303920544
615,0.09652651438344818,0.00042644493016422114
616,0.09648543426556477,0.00042558376986680507
617,0.09644445704083598,0.0004246985572558419
618,0.09640358458013314,0.0004237927399554153
619,0.09636281839262208,0.0004228700383767781
620,0.09632215959875048,0.00042193446133893315
621,0.09628160891156816,0.0004209902202281112
622,0.09624116661403594,0.000420041771106752
623,0.09620083255156477,0.00041909365700984485
624,0.09616060611936239,0.0004181505620631047
625,0.09612048626144892,0.00041721719041233553
626,0.09608047147189933,0.000416298243027574
627,0.09604055980244747,0.00041539835140725365
628,0.09600074887764388,0.00041452199867922514
629,0.09596103591319187,0.00041367348605406227
630,0.09592141774582702,0.00041285681201575067
631,0.09588189086275167,0.0004120756761548867
632,0.09584245144481571,0.00041133333501339317
633,0.09580309541494125,0.00041063254623776896
634,0.09576381848946239,0.00040997553689418073
635,0.09572461624047564,0.00040936388716646333
636,0.0956854841689995,0.0004087984158414975
637,0.09564641777301482,0.0004082792319436968
638,0.09560741263655105,0.0004078055129710282
639,0.09556846451003789,0.0004073755939951882
640,0.09552956940508997,0.0004069868146080466
641,0.09549072369133069,0.00040663549517908445
642,0.095451924189718,0.0004063169710400934
643,0.09541316827237448,0.00040602552198415264
644,0.09537445395620947,0.00040575443480179735
645,0.09533577999463423,0.00040549602090509415
646,0.0952971459572851,0.0004052417397886484
647,0.09525855230677133,0.00040498222823031927
648,0.09522000045720888,0.0004047074895521538
649,0.09518149281650871,0.00040440706275223854
650,0.09514303281258446,0.00040407019039297084
651,0.09510462489816528,0.00040368604283237946
652,0.09506627453136121,0.00040324397309941573
653,0.09502798813336673,0.0004027337579306619
654,0.09498977302399551,0.0004021458322108405
655,0.09495163733195346,0.00040147155665298546
656,0.09491358988459538,0.0004007034362668822
657,0.09487564008006595,0.0003998353088906182
658,0.09483779774360204,0.00039886251552003496
659,0.09480007297375281,0.0003977820104091767
660,0.09476247598171647,0.00039659243771629005
661,0.09472501693090478,0.0003952941332908939
662,0.09468770577878599,0.0003938891047758149
663,0.09465055212792621,0.00039238093851994894
664,0.0946135650905887,0.00039077466011524137
665,0.09457675316814114,0.0003890765812736741
666,0.09454012415051363,0.0003872940907834598
667,0.09450368503163878,0.00038543548786587514
668,0.09446744195482522,0.00038350966738944604
669,0.09443140016990832,0.0003815259963758865
670,0.0943955640191011,0.0003794940109195252
671,0.09435993693185787,0.00037742332082484027
672,0.09432452144776798,0.00037532331242935734
673,0.0942893192463852,0.00037320307426395654
674,0.09425433119446955,0.0003710712114086386
675,0.09421955739866485,0.00036893578644099623
676,0.0941849972681421,0.0003668042121713262
677,0.09415064958252893,0.00036468319381462166
678,0.09411651256275756,0.00036257869619311966
679,0.09408258394093903,0.00036049595224754943
680,0.09404886103430846,0.0003584394179877741
681,0.0940153408141611,0.00035641282391634624
682,0.09398201997304717,0.00035441919186142954
683,0.09394889498984346,0.00035246085595104466
684,0.09391596219065439,0.00035053950546875195
685,0.0938832178073335,0.0003486562087754295
686,0.09385065802694866,0.00034681150843871256
687,0.09381827904690894,0.0003450053597963926
688,0.09378607711832923,0.00034323725511536853
689,0.09375404858985605,0.0003415062177382161
690,0.09372218995021657,0.00033981081477182224
691,0.09369049786523961,0.00033814921518361967
692,0.09365896921623527,0.00033651917454520015
693,0.09362760113630975,0.0003349180563060359
694,0.09359639104799247,0.0003333428170592134
695,0.09356533669451106,0.00033179007367378045
696,0.09353443617681362,0.0003302560412765938
697,0.09350368798775488,0.00032873656286988134
698,0.09347309103982582,0.0003272271777458592
699,0.09344264469169992,0.0003257231336548018
700,0.0934123487674783,0.0003242194644809797
701,0.09338220356040136,0.00032271115623022813
702,0.09335220982109006,0.00032119331272685336
703,0.09332236872150614,0.00031966141606200554
704,0.09329268178991286,0.0003181116381847087
705,0.09326315081028676,0.0003165412233791664
706,0.09323377769288442,0.0003149487996828138
707,0.09320456431528697,0.0003133346982215333
708,0.09317551235227517,0.0003117010762855151
709,0.09314662310799424,0.00031005189616462096
710,0.09311789738994929,0.00030839247936713236
711,0.09308933541933763,0.00030672911880782794
712,0.0930609368102496,0.00030506834064398787
713,0.09303270061712612,0.00030341617107347427
714,0.09300462542103434,0.0003017777180018337
715,0.09297670946203815,0.00030015667360429766
716,0.09294895077559726,0.00029855526831939214
717,0.09292134733183736,0.00029697423725129314
718,0.09289389715560774,0.00029541302421710853
719,0.09286659842967857,0.000293869960945276
720,0.09283944957357675,0.00029234252746294996
721,0.09281244930442728,0.00029082754447038925
722,0.09278559668572352,0.00028932130231457804
723,0.09275889116402221,0.0002878196902883966
724,0.0927323325979841,0.0002863182785481186
725,0.09270592128909148,0.0002848122995795757
726,0.09267965801103992,0.00028329666202947084
727,0.0926535440428342,0.00028176591029940504
728,0.09262758120968938,0.00028021413981551153
729,0.0926017719312035,0.00027863491790256406
730,0.09257611928339894,0.00027702113328478297
731,0.09255062707786925,0.000275364810353028
732,0.09252529996259978,0.0002736568737471301
733,0.09250014354371934,0.0002718869205569855
734,0.09247516455516956,0.00027004270039832486
735,0.09245037106870152,0.0002681096766608086
736,0.09242577277259473,0.0002660702798965848
737,0.0924013813486543,0.0002639028401789611
738,0.09237721096431606,0.000261580335547632
739,0.09235327897120166,0.00025906814965051994
740,0.09232960686473836,0.0002563212343622417
741,0.0923062216752502,0.00025327942230297837
742,0.09228315801173397,0.0002498603354969277
743,0.0922604611869946,0.00024594763799128767
744,0.09223819217553679,0.00024137112660511354
745,0.09221643586129001,0.00023587099588178305
746,0.09219531561424564,0.00022902909711387204
747,0.09217502106525648,0.00022012559807353042
748,0.09215586660428522,0.0002078053332658744
749,0.09213843304532775,0.00018917470585279187
750,0.0921239905195172,0.0001567481162116816
751,0.09211630323239528,8.344500795682733e-05
752,0.09213917803343077,0.0002483252175001464
753,0.09226099697668402,0.0013221188407937564
754,0.09224629228553113,0.00015938144649147167
755,0.09222530629867932,0.00022749951604397877
756,0.09220257329931976,0.000246494159487442
757,0.09217891667621896,0.0002565722653315414
758,0.09215462016155708,0.0002635799544837118
759,0.09212984260216509,0.0002688694212895339
760,0.09210466805737208,0.0002732507088035942
761,0.09207915138809813,0.0002770399135258885
762,0.09205333119467787,0.0002804130254354103
763,0.09202723643119473,0.00028347440711250205
764,0.09200088982978964,0.0002862913462014834
765,0.09197430985035089,0.00028891002563047596
766,0.09194751191908014,0.0002913632221253117
767,0.09192050926747936,0.0002936746306365475
768,0.0918933135336688,0.00029586143535633374
769,0.09186593520640082,0.0002979360109584038
770,0.09183838396881937,0.00029990700600341264
771,0.0918106689554353,0.00030178028169004946
772,0.09178279895799535,0.00030355946380782744
773,0.09175478258280544,0.00030524646783472355
774,0.0917266283614695,0.0003068420036909788
775,0.09169834483834478,0.00030834582748704716
776,0.09166994062023727,0.00030975715164311616
777,0.0916414244015855,0.00031107491134857635
778,0.0916128049681812,0.0003122979983254266
779,0.09158409117992233,0.0003134254896881876
780,0.09155529193796094,0.00031445681875920547
781,0.09152641613943749,0.0003153919114038756
782,0.09149747262344107,0.0003162312829153199
783,0.09146847011473981,0.000316976063597101
784,0.09143941716084107,0.000317628072955575
785,0.091410322076278,0.0003181897420878532
786,0.09138119288369508,0.0003186641499700384
787,0.09135203727020147,0.000319054857717974
788,0.09132286254416798,0.00031936590474930515
789,0.09129367560412831,0.00031960167724216304
790,0.09126448291899433,0.0003197667849475278
791,0.09123529052707309,0.0003198658556708609
792,0.09120610404269512,0.00031990345193571787
793,0.09117692869947597,0.00031988366924977254
794,0.09114776941987027,0.00031980984687267843
795,0.0911186309316644,0.00031968405141805274
796,0.0910895179495207,0.00031950636051074083
797,0.09106043539381474,0.00031927444958138675
798,0.09103138858690252,0.00031898383514862246
799,0.09100238321475303,0.00031863044824149425
800,0.09097342477792175,0.00031821624674309
801,0.09094451775587811,0.0003177523778422684
802,0.09091566558361168,0.00031725026398931314
803,0.0908868713358605,0.0003167138200698576
804,0.09085813772382707,0.00031614700353415904
805,0.09082946717526681,0.0003155528968402187
806,0.0908008618566831,0.000314934343152299
807,0.09077232370548492,0.0003142938361446086
808,0.09074385445200005,0.0003136336310750951
809,0.09071545563727228,0.0003129557907724996
810,0.09068712863392739,0.00031226215142604374
811,0.09065887466014277,0.0003115543981843983
812,0.09063069479285478,0.0003108340732623673
813,0.09060258998400288,0.00031010254214799304
814,0.09057456106973369,0.00030936107095985233
815,0.09054660878151934,0.00030861080511151854
816,0.09051873375764935,0.00030785276494723116
817,0.09049093655141012,0.0003070878820913806
818,0.09046321763820428,0.00030631701098697887
819,0.09043557742448682,0.00030554090865968567
820,0.09040801625337397,0.00030476027131986637
821,0.09038053441252371,0.00030397570911456297
822,0.09035313213714719,0.0003031877998358673
823,0.0903258096172619,0.0003023970419067597
824,0.09029856700197338,0.00030160388712772713
825,0.09027140440124384,0.0003008087684153304
826,0.0902443218929623,0.00030001204103529387
827,0.0902173195254269,0.0002992140332932
828,0.09019039731857431,0.0002984150603698829
829,0.09016355526829804,0.00029761539004486017
830,0.09013679334947369,0.0002968152569484991
831,0.0901101115167112,0.00029601488771681785
832,0.09008350970713318,0.0002952144784892808
833,0.09005698784197189,0.00029441420796675835
834,0.09003054583025144,0.0002936142142222753
835,0.0900041835653988,0.00029281467317044465
836,0.08997790093213635,0.00029201568439702003
837,0.08995169780446469,0.0002912173700454559
838,0.08992557404723416,0.0002904198349576292
839,0.08989952951806222,0.0002896231627973955
840,0.08987356406820687,0.00028882742762444987
841,0.08984767754093433,0.00028803272175677823
842,0.08982186977500389,0.00028723909884788
843,0.08979614060548417,0.00028644660352951
844,0.08977048986312947,0.00028565528742936823
845,0.08974491737392021,0.00028486520735541905
846,0.08971942296244924,0.00028407638245124696
847,0.08969400644980531,0.0002832888554640543
848,0.08966866765559905,0.0002825026466003188
849,0.08964340639710909,0.00028171778560364096
850,0.08961822249073415,0.0002809342860464698
851,0.08959311575334848,0.00028015214638138166
852,0.08956808599809231,0.00027937141202991853
853,0.08954313304063839,0.00027859205849779936
854,0.08951825669552041,0.0002778141022460421
855,0.08949345677688497,0.00027703755134318345
856,0.08946873310075279,0.0002762623885880348
857,0.08944408548318246,0.0002754886172644761
858,0.08941951374067374,0.0002747162361377403
859,0.08939501769229176,0.00027394522020125295
860,0.08937059715699043,0.000273175574341141
861,0.08934625195701644,0.0002724072653472979
862,0.08932198191465414,0.0002716402963828531
863,0.0892977868557272,0.0002708746313987461
864,0.08927366660812153,0.00027011025082451497
865,0.0892496210013063,0.0002693471404145943
866,0.08922564986855658,0.0002685852609881072
867,0.08920175304613844,0.00026782458243057605
868,0.08917793037118102,0.0002670650984302305
869,0.08915418168755519,0.0002663067367338376
870,0.08913050683986998,0.0002655494923186503
871,0.08910690567908523,0.00026479329717204547
872,0.08908337805705961,0.00026403814436509114
873,0.08905992383324338,0.0002632839518188527
874,0.08903654286966607,0.0002625306936157212
875,0.08901323503319182,0.00026177831846379933
876,0.08899000019606537,0.00026102676885953553
877,0.08896683823577368,0.0002602759887701545
878,0.08894374903596529,0.0002595259117471005
879,0.08892073248426814,0.00025877649578094614
880,0.08889778847637314,0.0002580276528767947
881,0.08887491691435809,0.00025727931377204
882,0.08885211770528795,0.00025653142485758884
883,0.08882939076481887,0.00025578389188720183
884,0.08880673601599479,0.0002550366340354943
885,0.08878415338803686,0.0002542895840002673
886,0.08876164282000708,0.0002535426331250293
887,0.08873920425881955,0.0002527956950169125
888,0.08871683765917622,0.0002520486838950657
889,0.08869454298680589,0.000251301477358578
890,0.08867232021404996,0.000250554002620396
891,0.08865016932640392,0.00024980611303017196
892,0.08862809031814471,0.00024905771107908034
893,0.08860608319310327,0.00024830869042130865
894,0.08858414796856277,0.0002475589005857936
895,0.08856228467163775,0.0002468082317931439
896,0.0885404933409232,0.00024605655551165916
897,0.0885187740299751,0.0002453037037468749
898,0.08849712680221868,0.0002445495658253702
899,0.08847555173561149,0.00024379397825429727
900,0.08845404892174386,0.0002430367875171751
901,0.08843261846528475,0.00024227784618507616
902,0.08841126048660757,0.0002415169769689101
903,0.08838997512009214,0.0002407540215835888
904,0.08836876251464676,0.0002399888156610541
905,0.08834762283640223,0.00023922116416453742
906,0.08832655626527701,0.00023845091071920228
907,0.0883055629995601,0.00023767784689638838
908,0.08828464325180861,0.0002369018104963338
909,0.0882637972530804,0.00023612259120489376
910,0.08824302525089306,0.0002353400016065017
911,0.08822232750874974,0.0002345538594633532
912,0.08820170430887168,0.00023376395137626095
913,0.08818115594981678,0.00023297009072464377
914,0.08816068274739276,0.0002321720803440841
915,0.08814028503484561,0.00023136972073591218
916,0.08811996316259832,0.00023056281516741045
917,0.08809971749596135,0.00022975119269640136
918,0.08807954841897335,0.0002289346386261038
919,0.08805945633012663,0.00022811298658285254
920,0.08803944164173264,0.00022728607724944557
921,0.08801950478293674,0.0002264537169263824
922,0.08799964619381202,0.00022561577884006192
923,0.0879798663263998,0.0002247721242953567
924,0.08796016564502906,0.00022392261085788436
925,0.08794054462143186,0.0002230671515147814
926,0.0879210037334419,0.0002222056740048379
927,0.08790154346536741,0.00022133810179751298
928,0.08788216430314029,0.00022046441351460233
929,0.08786286673030078,0.00021958463349796938
930,0.08784365122871574,0.00021869877799484126
931,0.08782451826905853,0.00021780697170009565
932,0.08780546831216035,0.0002169093241117201
933,0.08778650180086972,0.0002160060376103408
934,0.08776761915505964,0.00021509737172254806
935,0.08774882076605817,0.0002141836497610709
936,0.08773010698931034,0.000213265279059579
937,0.08771147813652967,0.00021234275689350338
938,0.08769293446824711,0.0002114166660570854
939,0.08767447618200667,0.0002104877246081519
940,0.08765610340350403,0.00020955675246350186
941,0.08763781617343881,0.00020862472041497984
942,0.08761961443406435,0.0002076927537586961
943,0.0876014980150082,0.00020676214079648188
944,0.08758346661459748,0.00020583438433473993
945,0.08756551978485458,0.00020491116002381427
946,0.08754765690662915,0.00020399442919220693
947,0.08752987716941632,0.00020308638564468201
948,0.08751217954525257,0.00020218952357823301
949,0.08749456276073109,0.000201306659404796
950,0.08747702526509075,0.0002004409769815257
951,0.08745956519774097,0.00019959603446594428
952,0.08744218034931935,0.00019877583866686037
953,0.08742486811973406,0.0001979848800215963
954,0.08740762547581028,0.0001972281376525628
955,0.0873904489001408,0.00019651118052888423
956,0.08737333433914499,0.00019584017717284318
957,0.08735627714579139,0.00019522195739250778
958,0.08733927201961976,0.0001946640439272481
959,0.08732231294242873,0.00019417470284408407
960,0.08730539311270537,0.00019376295878143732
961,0.08728850487435993,0.00019343866104161193
962,0.08727163965281882,0.00019321240025115468
963,0.08725478788343276,0.0001930955972994914
964,0.08723793894970011,0.0001931003918679603
965,0.08722108112891323,0.00019323955826831214
966,0.08720420154531464,0.00019352642022000746
967,0.08718728614408983,0.0001939746127486727
968,0.08717031968428496,0.00019459786575795493
969,0.08715328576418904,0.00019540963205836017
970,0.0871361668841889,0.0001964226575055052
971,0.08711894455717199,0.00019764843500404058
972,0.087101599473148,0.00019909658125639122
973,0.08708411173588693,0.00020077400836318064
974,0.08706646116735468,0.00020268414272599632
975,0.08704862770155275,0.00020482589464219746
976,0.08703059185396199,0.00020719278484891414
977,0.0870123352799332,0.00020977191628692666
978,0.08699384139904405,0.00021254320815146288
979,0.08697509607795989,0.00021547871415603237
980,0.0869560883332337,0.00021854238262809618
981,0.08693681102198708,0.00022169018427725445
982,0.08691726147222756,0.0002248707944276795
983,0.08689744199596793,0.00022802692956411277
984,0.08687736023275965,0.00023109728833227658
985,0.0868570292749668,0.0002340190555787354
986,0.08683646753649107,0.00023673085123178877
987,0.08681569835022525,0.00023917585382084134
988,0.086794749298896,0.00024130487604605289
989,0.08677365131635212,0.0002430790193450752
990,0.08675243761764487,0.00024447166144837845
991,0.08673114253198903,0.0002454695941766007
992,0.08670980033311529,0.00024607307422328493
993,0.08668844413685847,0.00024629506900917603
994,0.08666710495208431,0.000246159508186286
995,0.08664581092829075,0.0002456990320067612
996,0.08662458682640596,0.0002449524294066319
997,0.0866034537228412,0.00024396195513302527
998,0.08658242892394634,0.0002427709056748188
999,0.08656152605957572,0.00024142155204471034
1000,0.08654075532196152,0.0002399534592296794
1001,0.08652012379711899,0.0002384024124330924
1002,0.08649963585704551,0.00023679970825653404
1003,0.08647929357405829,0.0002351718916001264
1004,0.08645909713245162,0.0002335407792082896
1005,0.08643904521521116,0.00023192374088453204
1006,0.08641913535534132,0.00023033410214411828
1007,0.08639936424449675,0.00022878163225396582
1008,0.08637972799752026,0.00022727304938166952
1009,0.08636022237128267,0.00022581254525543898
1010,0.08634084294596409,0.00022440221651200915
1011,0.08632158526530113,0.00022304253706445292
1012,0.08630244495056341,0.0002217326602482669
1013,0.08628341778297725,0.00022047078268822397
1014,0.08626449976554573,0.00021925438186865066
1015,0.08624568716678836,0.00021808042483872225
1016,0.08622697654739196,0.00021694556575584353
1017,0.0862083647750387,0.00021584628266580827
1018,0.08618984902930911,0.00021477899247831556
1019,0.08617142679788434,0.0002137401519117147
1020,0.08615309586561999,0.00021272634033716695
1021,0.08613485429814977,0.0002117343234963793
1022,0.08611670042474902,0.00021076106239071487
1023,0.08609863281003786,0.00020980384318070264
1024,0.08608065023151151,0.0002088602099643914
1025,0.08606275165069076,0.00020792803925873203
1026,0.08604493618380962,0.0002070055458306084
1027,0.08602720307472156,0.0002060912573655974
1028,0.08600955166550744,0.0002051840415965027
1029,0.08599198136928075,0.00020428308119802385
1030,0.08597449164655588,0.0002033878327534781
1031,0.08595708197981944,0.0002024980480025586
1032,0.0859397518551568,0.0002016136921295904
1033,0.08592250074340058,0.00020073494958770967
1034,0.08590532808485861,0.00019986218270405483
1035,0.08588823327880171,0.0001989958764840587
1036,0.08587121567494248,0.00019813661557100304
1037,0.08585427456574576,0.00019728507467324852
1038,0.08583740918495347,0.0001964419462816165
1039,0.08582061870654774,0.00019560793557452281
1040,0.08580390224309425,0.00019478376764730179
1041,0.08578725885261518,0.00019397008811934165
1042,0.0857706875396048,0.00019316753130956747
1043,0.08575418726081992,0.00019237666454833595
1044,0.08573775693208481,0.0001915979762613089
1045,0.08572139543320173,0.00019083189797046502
1046,0.0857051016144085,0.00019007878617567718
1047,0.08568887430424273,0.00018933890585397218
1048,0.08567271231374053,0.00018861247312936831
1049,0.08565661444502279,0.00018789960400449903
1050,0.0856405794940146,0.0001872003827384367
1051,0.08562460625846376,0.0001865147999373538
1052,0.08560869354049236,0.00018584281629703325
1053,0.08559284015190383,0.00018518433038618946
1054,0.08557704491817139,0.00018453919398401757
1055,0.08556130668028326,0.00018390723707713895
1056,0.08554562429985339,0.00018328822967222146
1057,0.08552999665937555,0.0001826819385064489
1058,0.08551442266467311,0.0001820881013764098
1059,0.08549890124785184,0.00018150642122838592
1060,0.08548343136661359,0.00018093660868702432
1061,0.08546801200601861,0.0001803783534243498
1062,0.08545264217931554,0.00017983133504949158
1063,0.08543732092857939,0.00017929522534835537
1064,0.08542204732427286,0.00017876970088164884
1065,0.08540682046587152,0.00017825443053992978
1066,0.08539163948101404,0.00017774909280861455
1067,0.08537650352669196,0.00017725335189804469
1068,0.0853614117867075,0.0001767669014430791
1069,0.08534636347309184,0.0001762894181420762
1070,0.0853313578256323,0.0001758205838995567
1071,0.08531639410995694,0.00017536010274131784
1072,0.08530147161754618,0.00017490767825371634
1073,0.0852865896654002,0.0001744630176218468
1074,0.0852717475950951,0.00017402583880231332
1075,0.08525694477208211,0.00017359586768732864
1076,0.08524218058606632,0.00017317282545434553
1077,0.08522745444763569,0.00017275647255135765
1078,0.08521276578973781,0.0001723465518602188
1079,0.08519811406717451,0.0001719428119427357
1080,0.08518349875411113,0.00017154503034953246
1081,0.0851689193451304,0.0001711529720422681
1082,0.08515437535448149,0.00017076641057260796
1083,0.08513986631322737,0.0001703851527736845
1084,0.08512539177174759,0.00017000897589534202
1085,0.08511095129679065,0.00016963769160275414
1086,0.08509654447281514,0.00016927109562281042
1087,0.08508217089898118,0.00016890901884454666
1088,0.08506783019065534,0.0001685512743071736
1089,0.08505352197879142,0.0001681976821537831
1090,0.08503924590762829,0.0001678480894263778
1091,0.08502500163660072,0.00016750232055261227
1092,0.08501078883805992,0.00016716022660662086
1093,0.08499660719785684,0.0001668216516622169
1094,0.08498245641437932,0.00016648645097777756
1095,0.08496833619839539,0.00016615448152122785
1096,0.08495424627335346,0.00016582559659668775
1097,0.0849401863727204,0.00016549968070842552
1098,0.08492615624358005,0.00016517657588817526
1099,0.08491215564170587,0.0001648561820461996
1100,0.08489818433506935,0.00016453835768198333
1101,0.0848842421015975,0.00016422298758258353
1102,0.08487032872910251,0.00016390995726090862
1103,0.08485644401507134,0.0001635991546055135
1104,0.08484258776776214,0.0001632904544849009
1105,0.08482875980397053,0.00016298375798556495
1106,0.08481495994950938,0.00016267896044972694
1107,0.08480118804019475,0.00016237594550338403
1108,0.0847874439195468,0.0001620746237827648
1109,0.08477372744027231,0.0001617748883609152
1110,0.08476003846419564,0.0001614766330325661
1111,0.08474637686031036,0.00016117977448823606
1112,0.08473274250605613,0.00016088421427985523
1113,0.08471913528849832,0.0001605898399527357
1114,0.08470555510001272,0.00016029658989502168
1115,0.0846920018429303,0.00016000434760650355
1116,0.08467847542587723,0.00015971303970543202
1117,0.08466497576646033,0.00015942256103456987
1118,0.08465150278824216,0.000159132842077903
1119,0.08463805642348457,0.00015884378085078956
1120,0.08462463660999187,0.000158555312583723
1121,0.0846112432942411,0.00015826733546266028
1122,0.08459787642895485,0.00015797977627838338
1123,0.08458453597352107,0.00015769255679813537
1124,0.08457122189500212,0.00015740558679808257
1125,0.0845579341653857,0.00015711880848673102
1126,0.08454467276378728,0.00015683213798109013
1127,0.08453143767578483,0.00015654549919935128
1128,0.08451822889201109,0.00015625883265350934
1129,0.084505046409206,0.00015597206635661166
1130,0.08449189022803308,0.00015568515410567155
1131,0.08447876035553602,0.00015539802058665554
1132,0.08446565680224756,0.00015511062465061896
1133,0.08445257958149102,0.00015482293338646368
1134,0.08443952871108598,0.00015453489366120621
1135,0.08442650420950333,0.00015424649783651396
1136,0.08441350609690959,0.00015395772589950435
1137,0.0844005343930659,0.00015366858271234716
1138,0.08438758911601144,0.00015337908874101357
1139,0.08437467028094309,0.00015308927774424682
1140,0.08436177789670929,0.0001527992250620966
1141,0.0843489119650573,0.00015250901501560603
1142,0.0843360724753435,0.0001522187947026137
1143,0.08432325940314171,0.00015192872783508686
1144,0.08431047270404174,0.00015163905179282826
1145,0.08429771231016833,0.00015135004542318197
1146,0.08428497812173687,0.00015106208795572716
1147,0.08427226999991977,0.0001507756435404573
1148,0.08425958775673892,0.00015049129661349458
1149,0.08424693114547323,0.00015020974588946252
1150,0.08423429984354576,0.0001499318937286525
1151,0.08422169343617181,0.00014965883728323398
1152,0.08420911139685845,0.00014939190605197977
1153,0.0841965530577655,0.00014913278248209136
1154,0.08418401758095359,0.00014888349174227062
1155,0.08417150391661858,0.00014864655661005798
1156,0.0841590107548205,0.00014842507519472552
1157,0.08414653646659434,0.0001482228476105166
1158,0.08413407902704621,0.00014804459067751445
1159,0.084121635926201,0.0001478960843109488
1160,0.08410920405037581,0.0001477845228319583
1161,0.08409677954635054,0.0001477187207457285
1162,0.08408435764244532,0.00014770962660205786
1163,0.08407193243570983,0.00014777072791972106
1164,0.0840594966253083,0.00014791869344788123
1165,0.08404704119163722,0.00014817402162898123
1166,0.08403455500340842,0.0001485619011897119
1167,0.08402202435356121,0.00014911306243849538
1168,0.08400943241263092,0.00014986476494898535
1169,0.08399675861042002,0.0001508616573987723
1170,0.08398397796629696,0.00015215639668122706
1171,0.08397106041817806,0.00015380967217440596
1172,0.08395797024738114,0.0001558890733514159
1173,0.08394466576717252,0.00015846595825760371
1174,0.08393109952537649,0.00016160933719911705
1175,0.08391721940171423,0.00016537521539388678
1176,0.08390297106352987,0.0001697903992285143
1177,0.08388830230348998,0.00017483004301219163
1178,0.08387316963904903,0.0001803906388068385
1179,0.08385754714907781,0.00018626325961514366
1180,0.08384143667272542,0.00019211719040323723
1181,0.0838248773680989,0.00019750740545104126
1182,0.08380795153400235,0.0002019189842918651
1183,0.08379078335443972,0.000204851440088727
1184,0.08377352856321935,0.00020592707848769563
1185,0.08375635599109915,0.00020498804830973647
1186,0.08373942532995227,0.00020214180698936815
1187,0.0837228672829383,0.00019773299074742358
1188,0.08370677126781008,0.00019225351030835273
1189,0.08369118263102036,0.0001862291013452315
1190,0.08367610786261974,0.0001801237349827724
1191,0.08366152432277033,0.00017428559025901564
1192,0.08364739095862836,0.00016893505415271738
1193,0.08363365761928337,0.00016418132338134734
1194,0.08362027193864617,0.00016005135992184195
1195,0.08360718375810579,0.0001565192295713375
1196,0.08359434755241321,0.00015352993744789043
1197,0.08358172344790239,0.000151016245481241
1198,0.08356927735398557,0.00014890927589661243
1199,0.08355698060420279,0.00014714438334436467
1200,0.08354480935653631,0.0001456640436079105
1201,0.08353274392340093,0.0001444187045049061
1202,0.08352076811037709,0.0001433666902504945
1203,0.08350886861914075,0.0001424734411040526
1204,0.08349703452157096,0.00014171066816579247
1205,0.0834852568197024,0.00014105533131868352
1206,0.08347352807574376,0.00014048880491513753
1207,0.08346184211335277,0.0001399960282066165
1208,0.08345019377254603,0.00013956486595291038
1209,0.0834385787166175,0.0001391854878155283
1210,0.08342699327398254,0.00013884995182279538
1211,0.08341543431797638,0.00013855175108849017
1212,0.08340389916537433,0.00013828559062676002
1213,0.08339238550261938,0.00013804705619485923
1214,0.08338089132423111,0.00013783246898366088
1215,0.08336941488219457,0.00013763875456686912
1216,0.08335795464941374,0.00013746327471556705
1217,0.08334650928772522,0.0001373037730671534
1218,0.08333507762192048,0.00013715830335824956
1219,0.08332365861684728,0.00013702519274069424
1220,0.08331225136112601,0.0001369029626234164
1221,0.08330085504837775,0.0001367903587055419
1222,0.08328946896564204,0.0001366862648540248
1223,0.08327809247994555,0.00013658972542114967
1224,0.08326672502566328,0.00013649993586265356
1225,0.08325536609903435,0.00013641615693938316
1226,0.08324401524828369,0.00013633776755189028
1227,0.08323267206713386,0.00013626422411264108
1228,0.08322133618980695,0.00013619504270827055
1229,0.08321000728613401,0.00013612979785746938
1230,0.08319868505909268,0.00013606809337716607
1231,0.08318736923884869,0.000136009604430147
1232,0.08317605958224107,0.0001359540121426857
1233,0.08316475586892277,0.00013590104382284237
1234,0.08315345789941993,0.00013585044992680975
1235,0.08314216549276726,0.0001358020091759134
1236,0.08313087848533803,0.0001357555142128019
1237,0.0831195967290718,0.00013571077885587336
1238,0.08310832008989943,0.0001356676357457376
1239,0.08309704844620595,0.00013562593590254218
1240,0.083085781688385,0.00013558553560718043
1241,0.0830745197172829,0.0001355463097685991
1242,0.08306326244298605,0.0001355081478070559
1243,0.08305200978563472,0.00013547092926976162
1244,0.08304076167150282,0.0001354345808239465
1245,0.08302951803682808,0.00013539898296231458
1246,0.08301827882220889,0.00013536408358059407
1247,0.08300704397583376,0.00013532979163759893
1248,0.08299581345127283,0.00013529604263713948
1249,0.0829845872074168,0.0001352627727736261
1250,0.08297336520810375,0.0001352299226964366
1251,0.0829621474209714,0.00013519744684596224
1252,0.08295093381827551,0.00013516528976749485
1253,0.08293972437591181,0.00013513340775953665
1254,0.08292851907367249,0.00013510175399825066
1255,0.08291731789372699,0.0001350702999477698
1256,0.08290612082240903,0.00013503899550039715
1257,0.08289492784754386,0.00013500782275344995
1258,0.08288373896004272,0.0001349767445568608
1259,0.08287255415371528,0.00013494572599866345
1260,0.08286137342410403,0.00013491474620786376
1261,0.08285019676861882,0.0001348837826764547
1262,0.08283902418689319,0.0001348528085797085
1263,0.08282785568055662,0.00013482179982442162
1264,0.08281669125260899,0.00013479073985312066
1265,0.08280553090784167,0.00013475960701304142
1266,0.08279437465246854,0.0001347283840923627
1267,0.08278322249426598,0.00013469705217744574
1268,0.08277207444230822,0.00013466559553818052
1269,0.08276093050673913,0.00013463400119146388
1270,0.08274979069908314,0.00013460225238869062
1271,0.08273865503224415,0.0001345703323829618
1272,0.082727523519599,0.00013453823537266883
1273,0.08271639617614714,0.00013450594165589466
1274,0.08270527301770883,0.00013447344121011754
1275,0.08269415406129516,0.00013444071953301088
1276,0.08268303932466035,0.00013440776752565595
1277,0.08267192882638935,0.00013437457502470882
1278,0.08266082258624814,0.00013434112762183596
1279,0.08264972062427688,0.00013430742187064786
1280,0.08263862296208954,0.00013427343859737843
1281,0.08262752962204915,0.00013423916859647443
1282,0.08261644062637331,0.00013420461348127567
1283,0.08260535599884038,0.00013416975421473579
1284,0.08259427576418095,0.00013413457911352588
1285,0.08258319994720324,0.00013409908707632604
1286,0.08257212857362926,0.00013406326687579072
1287,0.08256106167106785,0.00013402709549324742
1288,0.08254999926586627,0.00013399058802861184
1289,0.08253894138659792,0.00013395371734327546
1290,0.0825278880613998,0.0001339164885379067
1291,0.08251683932013201,0.00013387888054959971
1292,0.08250579519293971,0.0001338408897298323
1293,0.08249475571034161,0.00013380251135437096
1294,0.08248372090365197,0.00013376373558077474
1295,0.08247269080511024,0.00013372455098879013
1296,0.08246166544770828,0.00013368494824572658
1297,0.08245064486449472,0.00013364492644827523
1298,0.08243962908953582,0.00013360447303954924
1299,0.08242861815741422,0.0001335635815349089
1300,0.08241761210385175,0.00013352223788890368
1301,0.08240661096457352,0.00013348044183034884
1302,0.08239561477565152,0.00013343818891823516
1303,0.08238462357499865,0.00013339545657615697
1304,0.08237363739969,0.00013335225472804225
1305,0.08236265628854328,0.00013330856197889932
1306,0.08235168028091887,0.0001332643714884368
1307,0.08234070941613601,0.00013321968350167902
1308,0.08232974373400262,0.00013317449182972672
1309,0.08231878327602205,0.00013312877562192274
1310,0.08230782808315197,0.00013308254123898256
1311,0.08229687819724876,0.0001330357774979304
1312,0.08228593366136078,0.00013298846964466618
1313,0.08227499451834631,0.00013294061971128344
1314,0.08226406081194972,0.00013289221665229706
1315,0.08225313258651051,0.00013284325295080638
1316,0.08224220988648953,0.00013279372684674487
1317,0.08223129275779777,0.00013274362042110184
1318,0.08222038124568158,0.00013269294146114977
1319,0.082209475397309,0.00013264166630410528
1320,0.08219857525909563,0.00013258980379921449
1321,0.0821876808785695,0.00013253734011563992
1322,0.08217679230370897,0.00013248426946866273
1323,0.08216590958293815,0.00013243058612705878
1324,0.08215503276503296,0.00013237628549849932
1325,0.08214416189945721,0.00013232135889760136
1326,0.08213329703593371,0.00013226580285523388
1327,0.08212243822528761,0.00013220960363180862
1328,0.08211158551753693,0.0001321527707313166
1329,0.08210073896377527,0.000132095290735068
1330,0.0820898986159287,0.00013203715317778168
1331,0.08207906452601901,0.00013197835656225053
1332,0.08206823674540853,0.00013191890859150265
1333,0.0820574153278559,0.0001318587797395438
1334,0.08204660032510884,0.00013179799417094808
1335,0.08203579179139378,0.0001317365213455596
1336,0.0820249897799531,0.00013167437291461786
1337,0.08201419434481058,0.00013161153901358543
1338,0.08200340554004819,0.00013154801859095454
1339,0.08199262341973985,0.00013148381140180694
1340,0.08198184803878678,0.00013141890701456665
1341,0.08197107945194988,0.0001313533067929633
1342,0.08196031771459758,0.00013128700298024735
1343,0.08194956288146284,0.00013122000297990504
1344,0.08193881500875702,0.0001311522884064947
1345,0.08192807415100814,0.00013108387944996643
1346,0.08191734036467196,0.00013101475223732608
1347,0.08190661370507317,0.0001309449202213216
1348,0.08189589422797668,0.0001308743776795844
1349,0.08188518198985661,0.00013080311560236866
1350,0.0818744770465063,0.00013073114194996668
1351,0.08186377945402266,0.00013065845266479215
1352,0.08185308926832996,0.00013058504950542774
1353,0.08184240654530946,0.00013051093264766778
1354,0.08183173134150708,0.0001304360936218245
1355,0.08182106371237818,0.00013036054540230477
1356,0.08181040371439789,0.00013028427518083148
1357,0.08179975140335594,0.00013020729098396142
1358,0.08178910683489793,0.00013012959422722988
1359,0.0817784700647676,0.0001300511833660276
1360,0.08176784114918195,0.00012997205226790895
1361,0.08175722014271948,0.00012989222062368257
1362,0.08174660710174406,0.0001298116662589235
1363,0.08173600208161048,0.00012973040116971376
1364,0.08172540513630464,0.0001296484417633789
1365,0.08171481632179645,0.00012956576343094931
1366,0.08170423569264888,0.0001294823830466259
1367,0.0816936633036208,0.00012939829787844283
1368,0.08168309920894049,0.00012931351408551189
1369,0.08167254346304126,0.0001292280288266944
1370,0.08166199612014868,0.00012914184431329735
1371,0.08165145723363353,0.00012905497068246467
1372,0.08164092685804326,0.00012896739319827232
1373,0.08163040504634589,0.00012887913087599666
1374,0.08161989185192318,0.00012879017832552619
1375,0.08160938732745271,0.00012870054385189604
1376,0.08159889152603989,0.00012861022189408774
1377,0.08158840450084677,0.00012851921143767407
1378,0.08157792630344361,0.00012842753167270033
1379,0.08156745698629973,0.0001283351712684774
1380,0.08155699660161753,0.00012824213318264304
1381,0.08154654520109728,0.00012814842325916678
1382,0.08153610283614046,0.0001280540448533147
1383,0.08152566955772554,0.00012795900284672126
1384,0.08151524541773415,0.0001278632858575604
1385,0.08150483046678626,0.0001277669090550796
1386,0.08149442475533361,0.00012766987420324963
1387,0.08148402833422172,0.0001275721761716072
1388,0.0814736412535326,0.00012747382402988376
1389,0.0814632635630941,0.0001273748206025336
1390,0.08145289531311002,0.00012727516098150806
1391,0.08144253655331156,0.0001271748506746447
1392,0.08143218733283036,0.00012707389675198867
1393,0.08142184770106706,0.00012697229562367272
1394,0.0814115177074542,0.00012687004660945128
1395,0.08140119740039614,0.00012676716205118493
1396,0.08139088682894993,0.0001266636336501741
1397,0.08138058604135875,0.00012655947112144865
1398,0.08137029508583922,0.00012645467451296823
1399,0.08136001401116884,0.00012634923665369707
1400,0.08134974286465338,0.00012624317535206786
1401,0.08133948169378791,0.0001261364880101
1402,0.08132923054677248,0.00012602916568883545
1403,0.0813189894706173,0.00012592122274271252
1404,0.08130875851214647,0.00012581266119308034
1405,0.0812985377190532,0.00012570347008495996
1406,0.08128832713726598,0.0001255936708541718
1407,0.08127812681329982,0.00012548325602686775
1408,0.08126793679363116,0.00012537222581506766
1409,0.08125775712422892,0.0001252605862025377
1410,0.08124758785072067,0.00012514834113254076
1411,0.08123742901890342,0.0001250354882647766
1412,0.08122728067410581,0.0001249220331092355
1413,0.08121714286049905,0.00012480798966338529
1414,0.08120701562368017,0.00012469334012743408
1415,0.08119689900759602,0.00012457810456953253
1416,0.08118679305618623,0.00012446228283729302
1417,0.08117669781376488,0.00012434587007719333
1418,0.0811666133237343,0.00012422887727848794
1419,0.0811565396288033,0.0001241113127490225
1420,0.0811464767719076,0.00012399317346111933
1421,0.08113642479544511,0.00012387446581009368
1422,0.08112638374148744,0.0001237551935889299
1423,0.08111635365162641,0.00012363536248565922
1424,0.08110633456724883,0.00012351497480524984
1425,0.08109632652856245,0.0001233940448644148
1426,0.0810863295768114,0.00012327255967050778
1427,0.08107634375098863,0.00012315054676776226
1428,0.08106636909082725,0.00012302799682254042
1429,0.08105640563541264,0.0001229049176169147
1430,0.08104645342233266,0.00012278132742207155
1431,0.08103651249005056,0.00012265721524292423
1432,0.08102658287573043,0.00012253259691237848
1433,0.08101666461631772,0.00012240747493847429
1434,0.08100675774757038,0.00012228186379011413
1435,0.08099686230525785,0.00012215576314466794
1436,0.08098697832398438,0.00012202918720748823
1437,0.08097710583850361,0.00012190213396134248
1438,0.08096724488247183,0.00012177461678425632
1439,0.08095739548828518,0.0001216466510740829
1440,0.08094755768879468,0.00012151823105430556
1441,0.08093773151543274,0.00012138937408979502
1442,0.08092791699923214,0.00012126008496694354
1443,0.08091811417022396,0.0001211303759156158
1444,0.0809083230576954,0.0001210002559867839
1445,0.08089854369127474,0.00012086972082817121
1446,0.08088877609784469,0.00012073880424008717
1447,0.0808790203049192,0.00012060749829727346
1448,0.08086927633891575,0.0001204758164319376
1449,0.08085954422614311,0.00012034375987056522
1450,0.08084982399053761,0.00012021135783690795
1451,0.08084011565637522,0.00012007860602795617
1452,0.08083041924720949,0.00011994551327646296
1453,0.08082073478485222,0.00011981210103160166
1454,0.08081106229115245,0.00011967836874426344
1455,0.08080140178685778,0.00011954432995651649
1456,0.08079175329144798,0.00011941000027757959
1457,0.08078211682447156,0.0001192753787835326
1458,0.08077249240411268,0.00011914048229014443
1459,0.08076288004697037,0.00011900533035697774
1460,0.08075327977022767,0.00011886991569782229
1461,0.08074369158901434,0.00011873426368079153
1462,0.08073411551788867,0.00011859838133750784
1463,0.0807245515713921,0.0001184622688341293
1464,0.0807149997620216,0.00011832595145559959
1465,0.08070546010173141,0.00011818943589559592
1466,0.08069593260213752,0.00011805272631962758
1467,0.08068641727344399,0.00011791584020035583
1468,0.08067691412516799,0.00011777878603521
1469,0.08066742316598587,0.00011764157423520865
1470,0.08065794440365077,0.00011750421623840781
1471,0.0806484778455169,0.00011736671699066527
1472,0.08063902349685816,0.0001172291022882867
1473,0.08062958136363163,0.00011709136367323833
1474,0.08062015144996446,0.0001169535238518347
1475,0.08061073375907517,0.00011681559411523596
1476,0.08060132829436835,0.00011667757218200263
1477,0.08059193505724356,0.00011653948295346847
1478,0.0805825540493723,0.00011640132309267326
1479,0.08057318527056269,0.00011626311575914505
1480,0.08056382872022046,0.00011612486599373098
1481,0.08055448439749317,0.00011598657704978839
1482,0.08054515230001379,0.00011584826778032075
1483,0.08053583242463362,0.00011570994794882623
1484,0.080526524768104,0.00011557161886086684
1485,0.0805172293255667,0.00011543330056864338
1486,0.08050794609241907,0.00011529498997151053
1487,0.08049867506206927,0.00011515671184996552
1488,0.0804894162282933,0.0001150184617180072
1489,0.08048016958364956,0.00011488025478412358
1490,0.08047093511992513,0.00011474210072125384
1491,0.08046171282814242,0.00011460400912414372
1492,0.0804525026987159,0.0001144659876454844
1493,0.08044330472138357,0.00011432804479400541
1494,0.0804341188853414,0.00011419018741199264
1495,0.08042494517920615,0.00011405242280736358
1496,0.08041578358977208,0.0001139147737514824
1497,0.08040663410557693,0.00011377721868421684
1498,0.08039749671146183,0.00011363980368953543
1499,0.08038837139399299,0.00011350250744238223
1500,0.08037925813849796,0.0001133653454722673
1501,0.08037015692890337,0.00011322833533630357
1502,0.08036106774931663,0.0001130914749212022
1503,0.0803519905828422,0.00011295477684223377
1504,0.08034292541243053,0.00011281824315636981
1505,0.08033387222006863,0.00011268188599588221
1506,0.08032483098734006,0.00011254571052925274
1507,0.08031580169503783,0.0001124097267463259
1508,0.08030678432391869,0.0001122739352509333
1509,0.08029777885297003,0.00011213835822808858
1510,0.0802887852619275,0.00011200298652097167
1511,0.08027980352987864,0.00011186782835929022
1512,0.08027083363466771,0.00011173289939096944
1513,0.08026187555380197,0.00011159820398159259
1514,0.08025292926506963,0.00011146373880015315
1515,0.08024399474430992,0.0001113295282992744
1516,0.08023507196841241,0.00011119555956728043
1517,0.08022616091255332,0.00011106185413036881
1518,0.08021726155219575,0.00011092840859317956
1519,0.08020837386195812,0.00011079523366485144
1520,0.0801994978162541,0.0001106623320813228
1521,0.08019063338833843,0.00011052971847756226
1522,0.08018178055198401,0.00011039738658190122
1523,0.0801729392804706,0.00011026534273172557
1524,0.08016410954531307,0.00011013360913019162
1525,0.08015529131913988,0.0001100021720842608
1526,0.08014648457355035,0.00010987104462599251
1527,0.08013768927953684,0.00010974023452572561
1528,0.08012890540773714,0.00010960974640858725
1529,0.08012013292868321,0.0001094795817974394
1530,0.08011137181244687,0.00010934974663777072
1531,0.0801026220283207,0.00010922025086093537
1532,0.08009388354568568,0.00010909109357161715
1533,0.08008515633311084,0.00010896228511467593
1534,0.0800764403592277,0.00010883382492105716
1535,0.08006773559168164,0.00010870572551697516
1536,0.08005904199883838,0.00010857797812073964
1537,0.08005035954734446,0.0001084506044182683
1538,0.08004168820444327,0.00010832359717343666
1539,0.08003302793692728,0.00010819696223634114
1540,0.08002437871114258,0.00010807070540317768
1541,0.08001574049260218,0.00010794483730489223
1542,0.08000711324740342,0.00010781935086333248
1543,0.07999849694073301,0.00010769425768144282
1544,0.07998989153757821,0.00010756956047775999
1545,0.0799812970025534,0.0001074452641403967
1546,0.07997271330047795,0.00010732136633358002
1547,0.07996414039480489,0.00010719788436903572
1548,0.0799555782501367,0.00010707480410481722
1549,0.07994702682898658,0.00010695215189828952
1550,0.07993848609575388,0.00010682990439366123
1551,0.07992995601287849,0.00010670808632998107
1552,0.07992143654296895,0.00010658669583363287
1553,0.07991292764898988,0.00010646572868453156
1554,0.0799044292928574,0.00010634519823636709
1555,0.07989594143655838,0.00010622510384137107
1556,0.07988746404193608,0.00010610544753429568
1557,0.07987899707032695,0.0001059862358967154
1558,0.07987054048365792,0.00010586746177568416
1559,0.07986209424233864,0.00010574914440459372
1560,0.07985365830736185,0.00010563127672551354
1561,0.07984523263968928,0.00010551385936691113
1562,0.0798368171996513,0.00010539690047559434
1563,0.07982841194750119,0.00010528040126011004
1564,0.07982001684378005,0.00010516435835724965
1565,0.07981163184764109,0.00010504878939544536
1566,0.0798032569192992,0.00010493368131956613
1567,0.07979489201879127,0.00010481903660132455
1568,0.07978653710493366,0.00010470487077838578
1569,0.0797781921372443,0.00010459117530557079
1570,0.07976985707543587,0.00010447794798473967
1571,0.07976153187770982,0.00010436520800299868
1572,0.07975321650372182,0.00010425293737777247
1573,0.0797449109117272,0.00010414115390860148
1574,0.07973661506086471,0.00010402984676559592
1575,0.07972832890958517,0.00010391902481959745
1576,0.07972005241679607,0.0001038086825887012
1577,0.07971178554030345,0.0001036988341327236
1578,0.07970352823887256,0.00010358946766682009
1579,0.07969528047099719,0.00010348058683982895
1580,0.07968704219438946,0.00010337220170432238
1581,0.07967881336773736,0.00010326430026143271
1582,0.0796705939490997,0.00010315689064948082
1583,0.07966238389656051,0.00010304997279717911
1584,0.079654183168284,0.00010294354594204519
1585,0.0796459917225797,0.00010283760850314169
1586,0.07963780951711455,0.00010273216879079408
1587,0.07962963651024746,0.00010262721836082167
1588,0.07962147266015267,0.000102522759773506
1589,0.07961331792474481,0.00010241879653071345
1590,0.07960517226249167,0.00010231532192694245
1591,0.07959703563119042,0.00010221234462533798
1592,0.07958890798897432,0.00010210986064550826
1593,0.0795807892947006,0.00010200786113120127
1594,0.07957267950663377,0.00010190635376578649
1595,0.07956457858267937,0.00010180534329902447
1596,0.07955648648178427,0.00010170481688268041
1597,0.07954840316230545,0.00010160478216537569
1598,0.07954032858332603,0.00010150523025511796
1599,0.07953226270289702,0.00010140617436045976
1600,0.07952420548036784,0.00010130759839287088
1601,0.07951615687515724,0.0001012095017106135
1602,0.07950811684601011,0.00010111189301757964
1603,0.0795000853517676,0.00010101477133547064
1604,0.0794920623527278,0.00010091811856938153
1605,0.07948404780803132,0.00010082194950366759
1606,0.07947604167717967,0.00010072625982750765
1607,0.07946804392044851,0.00010063104002644331
1608,0.07946005449799096,0.00010053629186535375
1609,0.07945207336979368,0.00010044201766156803
1610,0.07944410049669683,0.00010034820689632038
1611,0.07943613583894059,0.00010025486733994449
1612,0.07942817935780067,0.00010016198617786504
1613,0.07942023101457014,0.00010006956340666093
1614,0.07941229077002883,9.997760570425704e-05
1615,0.07940435858604716,9.98860995539887e-05
1616,0.07939643442445324,9.979504570064742e-05
1617,0.0793885182472275,9.97044424366061e-05
1618,0.07938061001686957,9.961428343202858e-05
1619,0.07937270969550479,9.95245736092771e-05
1620,0.0793648172463233,9.943529976197844e-05
1621,0.07935693263261184,9.934646087554105e-05
1622,0.07934905581741342,9.925806022383413e-05
1623,0.07934118676459552,9.917008761898368e-05
1624,0.07933332543850805,9.908253717957152e-05
1625,0.07932547180301015,9.899541528710972e-05
1626,0.0793176258226808,9.890871306553096e-05
1627,0.07930978746278047,9.882242211650406e-05
1628,0.07930195668809398,9.873654862800853e-05
1629,0.0792941334646856,9.865107665815888e-05
1630,0.07928631775789556,9.856601552393928e-05
1631,0.07927850953454839,9.848134669357327e-05
1632,0.07927070876082615,9.839707845216042e-05
1633,0.07926291540354462,9.831320298956444e-05
1634,0.07925512943073162,9.822970519508426e-05
1635,0.07924735080931869,9.814659907575326e-05
1636,0.07923957950746405,9.806386933162082e-05
1637,0.07923181549363828,9.798151219411713e-05
1638,0.07922405873619127,9.789952935798065e-05
1639,0.0792163092050419,9.781790119060976e-05
1640,0.07920856686890765,9.773664302145602e-05
1641,0.07920083169794236,9.765573688631716e-05
1642,0.07919310366255682,9.75751797028289e-05
1643,0.07918538273298732,9.749497383500166e-05
1644,0.07917766888041367,9.74151075289747e-05
1645,0.07916996207672344,9.7335572001516e-05
1646,0.07916226229333306,9.72563733568345e-05
1647,0.0791545695028735,9.717749640677438e-05
1648,0.07914688367726952,9.709895022172196e-05
1649,0.07913920478973936,9.70207186105911e-05
1650,0.07913153281448958,9.694278923029011e-05
1651,0.07912386772469994,9.686517519643503e-05
1652,0.07911620949445829,9.678786517740137e-05
1653,0.07910855809903111,9.671084441564995e-05
1654,0.079100913512897,9.663412300531097e-05
1655,0.07909327571164844,9.65576870020988e-05
1656,0.07908564467227783,9.648151883900386e-05
1657,0.07907802036937593,9.640564900861617e-05
1658,0.079070402780935,9.6330034633572e-05
1659,0.07906279188355723,9.625469341349614e-05
1660,0.07905518765490438,9.617961207408849e-05
1661,0.0790475900733669,9.610478151855449e-05
1662,0.07903999911635376,9.603021428093795e-05
1663,0.07903241476350681,9.595588223357896e-05
1664,0.07902483699403287,9.588179099187358e-05
1665,0.0790172657871566,9.580794044345297e-05
1666,0.07900970112298628,9.573431951814121e-05
1667,0.07900214298208552,9.566092256176426e-05
1668,0.07899459134483978,9.558775193540288e-05
1669,0.07898704619314652,9.551478860532932e-05
1670,0.07897950750835263,9.544203964097278e-05
1671,0.0789719752718719,9.536950429745135e-05
1672,0.07896444946702125,9.529715857738223e-05
1673,0.07895693007614145,9.522501493458333e-05
1674,0.0789494170821416,9.5153066267861e-05
1675,0.07894191046897021,9.508129950576931e-05
1676,0.0789344102207626,9.500971237024821e-05
1677,0.07892691632114725,9.493831137007183e-05
1678,0.0789194287552857,9.486707717157256e-05
1679,0.07891194750760941,9.479601910809348e-05
1680,0.07890447256402917,9.472511851914879e-05
1681,0.07889700391000602,9.465438118341168e-05
1682,0.07888954153175683,9.458379760158665e-05
1683,0.07888208541539156,9.451336920580412e-05
1684,0.07887463554746464,9.444309043918684e-05
1685,0.07886719191571019,9.43729464204091e-05
1686,0.07885975450676054,9.430295118912976e-05
1687,0.0788523233083374,9.423309100593447e-05
1688,0.07884489830873175,9.416335872083364e-05
1689,0.07883747949619245,9.409375493446835e-05
1690,0.07883006685881935,9.402428160396802e-05
1691,0.0788226603855523,9.395492814076428e-05
1692,0.0788152600654184,9.388569350106173e-05
1693,0.0788078658878629,9.381657244255154e-05
1694,0.07880047784236197,9.37475646332816e-05
1695,0.07879309591846564,9.367866919650701e-05
1696,0.078785720106417,9.360987739678353e-05
1697,0.07877835039597617,9.354119542074192e-05
1698,0.07877098677819637,9.34726069127236e-05
1699,0.07876362924348869,9.340412007783762e-05
1700,0.07875627778219696,9.333573582552302e-05
1701,0.07874893238565349,9.326744166077126e-05
1702,0.07874159304518062,9.319923776140362e-05
1703,0.07873425975139789,9.313113310426405e-05
1704,0.07872693249600538,9.306311401986626e-05
1705,0.07871961127048978,9.29951832680432e-05
1706,0.0787122960660746,9.292734424255711e-05
1707,0.07870498687527532,9.285958058134124e-05
1708,0.07869768368896672,9.279191317530063e-05
1709,0.07869038649953679,9.27243228501331e-05
1710,0.07868309529850104,9.265682073874442e-05
1711,0.07867581007817544,9.258939671809706e-05
1712,0.07866853082994305,9.252206269193729e-05
1713,0.07866125754587319,9.24548099871808e-05
1714,0.07865399021808267,9.238763804766377e-05
1715,0.07864672883832302,9.232055156407562e-05
1716,0.07863947339831488,9.225355097799413e-05
1717,0.07863222388997851,9.218663379972709e-05
1718,0.07862498030511839,9.211980154927098e-05
1719,0.07861774263508207,9.205306008630198e-05
1720,0.07861051087144091,9.198640661470166e-05
1721,0.07860328500576236,9.19198412331061e-05
1722,0.07859606502916507,9.185336970029443e-05
1723,0.07858885093221929,9.178699904504461e-05
1724,0.07858164270713075,9.172070851063317e-05
1725,0.07857444034358854,9.165453016871687e-05
1726,0.07856724383252607,9.158844824095926e-05
1727,0.07856005316425885,9.152247064375969e-05
1728,0.07855286832854501,9.145660452668242e-05
1729,0.07854568931582076,9.139084131495049e-05
1730,0.07853851611524265,9.132519735445305e-05
1731,0.07853134871637475,9.125966751628468e-05
1732,0.07852418710804249,9.119426126412377e-05
1733,0.07851703127929197,9.112897584887496e-05
1734,0.0785098812183867,9.106382129796761e-05
1735,0.07850273691348612,9.099879900091397e-05
1736,0.0784955983523307,9.093391435873886e-05
1737,0.07848846552253834,9.08691689991423e-05
1738,0.07848133841072157,9.080457579753727e-05
1739,0.07847421700401505,9.074012817219786e-05
1740,0.07846710128878506,9.067583598348309e-05
1741,0.07845999125088324,9.061170586202587e-05
1742,0.07845288687607727,9.054773895213554e-05
1743,0.07844578814935985,9.04839452069166e-05
1744,0.0784386950558663,9.042032288643408e-05
1745,0.07843160757976424,9.035688440527331e-05
1746,0.07842452570517966,9.029363037567765e-05
1747,0.07841744941581692,9.023056625600339e-05
1748,0.07841037869535412,9.01676924647879e-05
1749,0.07840331352617959,9.010502553477211e-05
1750,0.07839625389122809,9.004255858574887e-05
1751,0.0783891997725874,8.99803025087688e-05
1752,0.07838215115198677,8.991826196828748e-05
1753,0.07837510801101387,8.985643886248127e-05
1754,0.07836807033081776,8.979483888073476e-05
1755,0.0783610380926938,8.97334602507083e-05
1756,0.07835401127679699,8.967231761916647e-05
1757,0.07834698986349822,8.96114083293322e-05
1758,0.07833997383292217,8.955073562210865e-05
1759,0.07833296316504253,8.9490301523384e-05
1760,0.07832595783919724,8.943011424865812e-05
1761,0.07831895783513156,8.937016870009199e-05
1762,0.07831196313199473,8.931047258758602e-05
1763,0.07830497370921999,8.92510223880356e-05
1764,0.07829798954597626,8.919182157778173e-05
1765,0.07829101062109506,8.913287456897104e-05
1766,0.07828403691405798,8.907417316179197e-05
1767,0.0782770684035574,8.901572753884075e-05
1768,0.07827010506896444,8.89575291331006e-05
1769,0.07826314688973866,8.889957691565067e-05
1770,0.0782561938450338,8.884187489502074e-05
1771,0.07824924591488587,8.878441189821661e-05
1772,0.07824230307887597,8.87271938370886e-05
1773,0.07823536531763617,8.867020737888914e-05
1774,0.07822843261134402,8.861345842770831e-05
1775,0.07822150494108769,8.855693543988846e-05
1776,0.07821458228815627,8.850063593940652e-05
1777,0.07820766463431315,8.844455395322397e-05
1778,0.07820075196219214,8.838867844132682e-05
1779,0.07819384425437281,8.833301018219169e-05
1780,0.07818694149464687,8.827753375934054e-05
1781,0.07818004366739764,8.822224168604193e-05
1782,0.07817315075714464,8.816713229696966e-05
1783,0.07816626274962754,8.81121900598984e-05
1784,0.0781593796318017,8.80573994933421e-05
1785,0.07815250139010915,8.800276722954146e-05
1786,0.07814562801381027,8.794825727427435e-05
1787,0.07813875949140175,8.789387945412117e-05
1788,0.07813189581353829,8.783960621008831e-05
1789,0.07812503697057258,8.778544145502656e-05
1790,0.07811818295527188,8.773135433233214e-05
1791,0.07811133376035077,8.767734555515569e-05
1792,0.07810448938065155,8.762338792243946e-05
1793,0.07809764981096343,8.756948214322411e-05
1794,0.07809081504834896,8.75155991379056e-05
1795,0.07808398509027642,8.746173373026201e-05
1796,0.07807715993599224,8.740786316545897e-05
1797,0.07807033958462462,8.7353988966959e-05
1798,0.07806352403835284,8.730007206364758e-05
1799,0.07805671329938949,8.724611202554182e-05
1800,0.0780499073717447,8.719208581937929e-05
1801,0.07804310626009764,8.713798486235519e-05
1802,0.07803630997060099,8.708379025819324e-05
1803,0.07802951851094872,8.702948223493994e-05
1804,0.0780227318896324,8.697505054288131e-05
1805,0.07801595011621303,8.692048144329005e-05
1806,0.07800917320209946,8.686575121456183e-05
1807,0.07800240115972078,8.681084673390371e-05
1808,0.07799563400211754,8.675576011287219e-05
1809,0.07798887174430975,8.670046592093744e-05
1810,0.07798211440114833,8.664496626621588e-05
1811,0.07797536199053605,8.658922195343314e-05
1812,0.07796861453035096,8.653323322698804e-05
1813,0.07796187203896121,8.647699372838924e-05
1814,0.07795513453663185,8.6420479051584e-05
1815,0.07794840204463566,8.636367618640351e-05
1816,0.07794167458492245,8.630657636005972e-05
1817,0.07793495218059983,8.624916462749636e-05
1818,0.07792823485537274,8.619143322906676e-05
1819,0.07792152263399157,8.613336865163916e-05
1820,0.07791481554238114,8.607495572103106e-05
1821,0.0779081136067122,8.60161911735193e-05
1822,0.07790141685406927,8.595706317222047e-05
1823,0.07789472531235198,8.589756114236312e-05
1824,0.07788803901048061,8.583767186488453e-05
1825,0.07788135797751407,8.577739344088067e-05
1826,0.07787468224345612,8.571671361814705e-05
1827,0.07786801183865412,8.565562786046919e-05
1828,0.07786134679361309,8.559413401795391e-05
1829,0.0778546871404323,8.553221148930343e-05
1830,0.0778480329108128,8.546986525674514e-05
1831,0.07784138413750129,8.540708175795855e-05
1832,0.07783474085247376,8.534387075896653e-05
1833,0.0778281030894651,8.528020953061441e-05
1834,0.07782147088135091,8.521610897494458e-05
1835,0.07781484426243458,8.515155061041822e-05
1836,0.07780822326587858,8.508654895810856e-05
1837,0.07780160792650326,8.502108257524028e-05
1838,0.07779499827789123,8.495516722834016e-05
1839,0.07778839435496974,8.488878549612281e-05
1840,0.07778179619243239,8.482194024015846e-05
1841,0.07777520382420246,8.475464122251468e-05
1842,0.07776861728561457,8.468687015945643e-05
1843,0.07776203661086165,8.461864158852038e-05
1844,0.07775546183516957,8.454994208776891e-05
1845,0.07774889299256837,8.44807868946958e-05
1846,0.07774233011857494,8.441115674871559e-05
1847,0.07773577324709122,8.434107227970356e-05
1848,0.07772922241274718,8.427052398655452e-05
1849,0.07772267764982586,8.419951619440426e-05
1850,0.07771613899247079,8.412805056116308e-05
1851,0.07770960647481936,8.405612702990994e-05
1852,0.07770308013068784,8.39837495977593e-05
1853,0.07769655999373452,8.391092016369902e-05
1854,0.07769004609773202,8.383763712361576e-05
1855,0.07768353847532568,8.37639148540497e-05
1856,0.07767703715980406,8.368974494744214e-05
1857,0.07767054218393155,8.361513402159538e-05
1858,0.0776640535803376,8.354008368559962e-05
1859,0.07765757138109751,8.346460094797289e-05
1860,0.07765109561759002,8.33886946542021e-05
1861,0.07764462632211623,8.331235280507494e-05
1862,0.07763816352602622,8.323558752412007e-05
1863,0.07763170725956738,8.315841289417811e-05
1864,0.07762525755416298,8.308081365296012e-05
1865,0.07761881443984874,8.300280755592595e-05
1866,0.07761237794628993,8.292439926136077e-05
1867,0.07760594810330572,8.284558667513183e-05
1868,0.07759952494049985,8.276637246053831e-05
1869,0.07759310848664731,8.268676718644815e-05
1870,0.07758669877013866,8.260677570044602e-05
1871,0.07758029581924904,8.252639938437448e-05
1872,0.07757389966193295,8.244564226700928e-05
1873,0.07756751032568122,8.236451022283337e-05
1874,0.07756112783735854,8.228301122324323e-05
1875,0.07755475222398116,8.220114321634014e-05
1876,0.07754838351174403,8.211891669423438e-05
1877,0.07754202172665921,8.203633392130525e-05
1878,0.07753566689405463,8.195340362653674e-05
1879,0.07752931903935983,8.187012440951458e-05
1880,0.07752297818749684,8.178650272642378e-05
1881,0.07751664436240453,8.170255117124375e-05
1882,0.0775103175888563,8.161825889479413e-05
1883,0.07750399788984647,8.153364876354651e-05
1884,0.07749768528903966,8.144871204932396e-05
1885,0.07749137980942145,8.136345743361226e-05
1886,0.07748508147297961,8.127789771358251e-05
1887,0.07747879030241514,8.119202361121161e-05
1888,0.07747250631951971,8.110584678593838e-05
1889,0.07746622954500984,8.10193810431938e-05
1890,0.07745996000054899,8.093261409104503e-05
1891,0.07745369770609026,8.084556793837468e-05
1892,0.07744744268236194,8.0758232512761e-05
1893,0.07744119494928019,8.067061823297424e-05
1894,0.07743495452593216,8.058273574051924e-05
1895,0.07742872143161572,8.049458225420056e-05
1896,0.07742249568522361,8.040616294577318e-05
1897,0.07741627730476869,8.03174891210159e-05
1898,0.07741006630841663,8.02285587514335e-05
1899,0.07740386271381554,8.013937846753115e-05
1900,0.0773976665380843,8.004995505384726e-05
1901,0.07739147779836218,7.996028819649042e-05
1902,0.07738529651111521,7.987038654404678e-05
1903,0.07737912269213046,7.978025882302391e-05
1904,0.0773729563574072,7.968990224661737e-05
1905,0.07736679752229991,7.959932510309844e-05
1906,0.07736064620231174,7.950852542911218e-05
1907,0.07735450241176145,7.941751849157154e-05
1908,0.07734836616475171,7.932630704638759e-05
1909,0.07734223747628373,7.923487944051728e-05
1910,0.07733611635851131,7.914327244917921e-05
1911,0.07733000282593826,7.90514556577459e-05
1912,0.07732389689087954,7.895945733328215e-05
1913,0.07731779856637465,7.886726807751634e-05
1914,0.07731170786430638,7.877490281925501e-05
1915,0.07730562479657101,7.868236135791369e-05
1916,0.07729954937477143,7.858964746178646e-05
1917,0.07729348161043778,7.849676204750007e-05
1918,0.07728742151401685,7.840371910625142e-05
1919,0.07728136909633544,7.831051370127637e-05
1920,0.07727532436710773,7.821716020819338e-05
1921,0.07726928733682376,7.812364856976057e-05
1922,0.07726325801445938,7.802999836265559e-05
1923,0.07725723640930822,7.793620546047033e-05
1924,0.07725122253038101,7.784227351010159e-05
1925,0.07724521638582782,7.774821363933284e-05
1926,0.07723921798444872,7.76540174234557e-05
1927,0.07723322733340099,7.755970611889359e-05
1928,0.07722724444039461,7.746527256399343e-05
1929,0.07722126931288807,7.737072000736868e-05
1930,0.07721530195720207,7.727606317665255e-05
1931,0.07720934238042258,7.718129215875255e-05
1932,0.07720339058850496,7.708642159252489e-05
1933,0.07719744658742402,7.69914512256361e-05
1934,0.07719151038244046,7.689639030785e-05
1935,0.0771855819790435,7.680123588183589e-05
1936,0.07717966138182203,7.6705999613771e-05
1937,0.07717374859565784,7.661067771384055e-05
1938,0.07716784362485718,7.65152776444935e-05
1939,0.07716194647368134,7.641979999478515e-05
1940,0.07715605714495388,7.632426340444518e-05
1941,0.07715017564258062,7.622865385950962e-05
1942,0.07714430196962255,7.613298231852558e-05
1943,0.07713843612853309,7.603725666952793e-05
1944,0.07713257812184096,7.594147595071078e-05
1945,0.07712672795180567,7.584564366631158e-05
1946,0.07712088561999193,7.574976884000419e-05
1947,0.07711505112799624,7.565385107789723e-05
1948,0.0771092244770429,7.555789522432004e-05
1949,0.07710340566785104,7.546190784981183e-05
1950,0.07709759470125746,7.53658874500387e-05
1951,0.07709179157729516,7.526984447159129e-05
1952,0.07708599629606759,7.517377802487988e-05
1953,0.07708020885741514,7.507769154629226e-05
1954,0.07707442926100876,7.498158725894578e-05
1955,0.07706865750535022,7.488548035810443e-05
1956,0.07706289358979737,7.478935976596687e-05
1957,0.07705713751241577,7.469324227865287e-05
1958,0.07705138927177371,7.459712140404276e-05
1959,0.07704564886566283,7.450100725163688e-05
1960,0.07703991629195185,7.440489885381136e-05
1961,0.07703419154815626,7.430880082863261e-05
1962,0.07702847463159408,7.421271577313048e-05
1963,0.0770227655383307,7.411665998425622e-05
1964,0.07701706426585461,7.402061502526582e-05
1965,0.07701137081017419,7.392460014798554e-05
1966,0.0770056851671313,7.38286175544476e-05
1967,0.07700000733277759,7.373266456085271e-05
1968,0.07699433730250471,7.363674977816625e-05
1969,0.07698867507158706,7.354087477112963e-05
1970,0.07698302063525299,7.344504018046933e-05
1971,0.07697737398773952,7.334925892587874e-05
1972,0.07697173512419424,7.325351922471827e-05
1973,0.07696610403830581,7.315784007391193e-05
1974,0.0769604807243306,7.30622141458321e-05
1975,0.07695486517582432,7.296665059023393e-05
1976,0.07694925738637429,7.287114904594133e-05
1977,0.07694365734955909,7.277570967422724e-05
1978,0.07693806505783002,7.268034717486964e-05
1979,0.07693248050413745,7.258505511373786e-05
1980,0.07692690368116772,7.248983697370003e-05
1981,0.07692133458098306,7.239470091952256e-05
1982,0.07691577319552673,7.229964855172423e-05
1983,0.07691021951704975,7.220467592331766e-05
1984,0.07690467353686327,7.210979530820049e-05
1985,0.07689913524630529,7.201500641342846e-05
1986,0.07689360463652868,7.19203117030308e-05
1987,0.07688808169857843,7.182571263708647e-05
1988,0.07688256642288412,7.173121727673661e-05
1989,0.07687705880052492,7.163681723239705e-05
1990,0.07687155882099556,7.154253317153275e-05
1991,0.07686606647501082,7.144834928515321e-05
1992,0.07686058175224497,7.135427916856265e-05
1993,0.07685510464171197,7.126033147469862e-05
1994,0.07684963513374812,7.116648906203043e-05
1995,0.07684417321721716,7.10727711518039e-05
1996,0.07683871888112881,7.097917590883119e-05
1997,0.07683327211449696,7.08857033427871e-05
1998,0.07682783290584545,7.079235989589509e-05
1999,0.07682240124372613,7.069914526906595e-05
2000,0.07681697711613834,7.060606671982153e-05
2001,0.07681156051154041,7.051311834031275e-05
2002,0.0768061514177967,7.042030792868021e-05
2003,0.07680074982263971,7.032763726973607e-05
2004,0.07679535571327518,7.023511328965075e-05
2005,0.07678996907756151,7.01427275600353e-05
2006,0.07678458990253867,7.005049080577202e-05
2007,0.07677921817479394,6.995840899258359e-05
2008,0.07677385388206454,6.986646721501826e-05
2009,0.07676849701036889,6.977468792791307e-05
2010,0.07676314754626921,6.96830641214004e-05
2011,0.07675780547683717,6.959158923009114e-05
2012,0.07675247078742149,6.950028576941114e-05
2013,0.07674714346472092,6.940913622610146e-05
2014,0.07674182349432752,6.93181550898992e-05
2015,0.07673651086217405,6.922733799605976e-05
2016,0.07673120555383349,6.913668970546972e-05
2017,0.07672590755466135,6.904621312665614e-05
2018,0.0767206168503684,6.895590370409369e-05
2019,0.0767153334257222,6.886577380505688e-05
2020,0.0767100572660836,6.87758157724089e-05
2021,0.0767047883561107,6.868603884123295e-05
2022,0.07669952668086638,6.859643781164308e-05
2023,0.07669427222508537,6.850701703635349e-05
2024,0.07668902497290311,6.841778440587105e-05
2025,0.07668378490929623,6.832872902920228e-05
2026,0.07667855201787986,6.823986873567593e-05
2027,0.07667332628343097,6.8151188453189e-05
2028,0.07666810768950474,6.806270419177905e-05
2029,0.07666289622065861,6.797440295825846e-05
2030,0.07665769186040687,6.788629843516705e-05
2031,0.07665249459220061,6.779839152638978e-05
2032,0.07664730439992266,6.77106766786662e-05
2033,0.07664212126709279,6.762315870671576e-05
2034,0.07663694517702717,6.753584034527071e-05
2035,0.07663177611312812,6.744872055001373e-05
2036,0.07662661405875308,6.736179998509677e-05
2037,0.07662145899644143,6.727508940556894e-05
2038,0.0766163109097348,6.718857581239024e-05
2039,0.07661116978133616,6.710227022932645e-05
2040,0.07660603559386903,6.701617377443822e-05
2041,0.07660090833051093,6.693027929646876e-05
2042,0.07659578797363645,6.684459735637563e-05
2043,0.07659067450579421,6.675912576287111e-05
2044,0.0765855679095563,6.667386429041913e-05
2045,0.07658046816735463,6.658881484945287e-05
2046,0.07657537526139811,6.650398043253794e-05
2047,0.07657028917393459,6.641936061249465e-05
2048,0.07656520988719408,6.633495570290256e-05
2049,0.07656013738309131,6.625076990243676e-05
2050,0.07655507164378468,6.616680011009412e-05
2051,0.07655001265126785,6.608304855848912e-05
2052,0.07654496038738788,6.599951724346657e-05
2053,0.07653991483398742,6.591620630443069e-05
2054,0.0765348759726151,6.583311966375577e-05
2055,0.0765298437853154,6.575025092490021e-05
2056,0.07652481825357121,6.566760750590335e-05
2057,0.07651979935867105,6.558519202924295e-05
2058,0.0765147870822016,6.55030006804264e-05
2059,0.07650978140604241,6.542102971297371e-05
2060,0.07650478231096025,6.533929375154648e-05
2061,0.0764997897786452,6.525778081108583e-05
2062,0.07649480379052799,6.517649436213093e-05
2063,0.0764898243274475,6.509544222282692e-05
2064,0.07648485137091884,6.501461563521106e-05
2065,0.07647988490189127,6.493402207831393e-05
2066,0.07647492490143201,6.485366009139059e-05
2067,0.0764699713507191,6.477352830738197e-05
2068,0.0764650242307339,6.469362937927855e-05
2069,0.07646008352235918,6.461396467758003e-05
2070,0.07645514920646322,6.453453447402178e-05
2071,0.07645022126408352,6.445533663659705e-05
2072,0.07644529967583062,6.437637683081455e-05
2073,0.07644038442269502,6.42976501687776e-05
2074,0.0764354754852043,6.421916278673762e-05
2075,0.07643057284464143,6.414090488410346e-05
2076,0.07642567648103056,6.406289301037414e-05
2077,0.07642078637534926,6.398511477380508e-05
2078,0.076415902508174,6.39075755027132e-05
2079,0.07641102485998955,6.383027647850082e-05
2080,0.07640615341155814,6.375321415113526e-05
2081,0.0764012881431578,6.367639493811278e-05
2082,0.07639642903573078,6.359981022724054e-05
2083,0.0763915760691801,6.352347370080087e-05
2084,0.07638672922440548,6.34473723938471e-05
2085,0.076381888481637,6.337151515228207e-05
2086,0.0763770538210424,6.329590287315726e-05
2087,0.07637222522337,6.322052803594477e-05
2088,0.07636740266888094,6.314539709904397e-05
2089,0.07636258613773379,6.307051148549223e-05
2090,0.0763577756102119,6.299586964247762e-05
2091,0.07635297106696526,6.29214668479252e-05
2092,0.07634817248740175,6.284731944877444e-05
2093,0.07634337985268098,6.277340458353939e-05
2094,0.07633859314269799,6.269973889330744e-05
2095,0.07633381233774537,6.2626317250538e-05
2096,0.07632903741773288,6.255314475017654e-05
2097,0.0763242683630012,6.248021582637249e-05
2098,0.07631950515354162,6.240753513581712e-05
2099,0.07631474776970931,6.233509799016976e-05
2100,0.07630999619158933,6.226290800722154e-05
2101,0.07630525039921338,6.219096596521683e-05
2102,0.07630051037260158,6.211927209465051e-05
2103,0.0762957760916466,6.204782814498538e-05
2104,0.0762910475367184,6.197662793961463e-05
2105,0.07628632468798058,6.190567426087066e-05
2106,0.07628160752494259,6.18349757611329e-05
2107,0.07627689602808747,6.176451975761657e-05
2108,0.07627219017701735,6.169431787565059e-05
2109,0.0762674899520728,6.162436051248681e-05
2110,0.0762627953330458,6.155465493829521e-05
2111,0.07625810629987757,6.148519927368186e-05
2112,0.07625342283267185,6.14159914659643e-05
2113,0.07624874491111619,6.134703704940302e-05
2114,0.07624407251543382,6.127832907701811e-05
2115,0.0762394056252962,6.12098748617092e-05
2116,0.0762347442207225,6.11416699207629e-05
2117,0.07623008828145728,6.107371793295448e-05
2118,0.07622543778766572,6.1006013457409935e-05
2119,0.07622079271910298,6.0938561949302716e-05
2120,0.07621615305550472,6.087136374137417e-05
2121,0.07621151877663136,6.08044185854328e-05
2122,0.07620688986292244,6.073771764721685e-05
2123,0.07620226629355288,6.06712775954684e-05
2124,0.07619764804860138,6.060508664808772e-05
2125,0.07619303510807998,6.053914575494048e-05
2126,0.07618842745153168,6.047346114732872e-05
2127,0.0761838250589522,6.0408026959253516e-05
2128,0.07617922790976706,6.034285075064264e-05
2129,0.0761746359841693,6.0277922522245985e-05
2130,0.07617004926159529,6.021325228214541e-05
2131,0.07616546772222917,6.014883028879316e-05
2132,0.07616089134563654,6.0084664736965826e-05
2133,0.07615632011121416,6.002075791936047e-05
2134,0.07615175399940306,5.9957096199389385e-05
2135,0.07614719298934758,5.989369667729681e-05
2136,0.07614263706129286,5.983054497303736e-05
2137,0.07613808619427129,5.976765708689944e-05
2138,0.07613354036871321,5.970501473435979e-05
2139,0.07612899956385165,5.964263371403169e-05
2140,0.07612446375947336,5.958050682751772e-05
2141,0.0761199329352915,5.9518635115513615e-05
2142,0.0761154070709928,5.9457018998437226e-05
2143,0.07611088614630793,5.939565797318179e-05
2144,0.07610637014052515,5.93345579250253e-05
2145,0.07610185903415355,5.9273702888145006e-05
2146,0.07609735280600287,5.921311526250507e-05
2147,0.07609285143606148,5.9152779635613954e-05
2148,0.07608835490403096,5.9092699848444634e-05
2149,0.07608386318932159,5.903287980185279e-05
2150,0.07607937627184012,5.897331304404025e-05
2151,0.07607489413054272,5.8914012141598496e-05
2152,0.07607041674578181,5.8854958814971676e-05
2153,0.0760659440967052,5.879616897018349e-05
2154,0.07606147616308198,5.8737634512683894e-05
2155,0.07605701292448724,5.867935806515062e-05
2156,0.07605255436031011,5.8621342144492e-05
2157,0.07604810045039843,5.856358079143823e-05
2158,0.07604365117382177,5.85060843113357e-05
2159,0.07603920651074807,5.844883833286378e-05
2160,0.0760347664400747,5.8391859635420875e-05
2161,0.07603033094176008,5.83351343377704e-05
2162,0.07602589999516776,5.827867033371557e-05
2163,0.07602147357985896,5.8222465095242544e-05
2164,0.07601705167528108,5.816652019024958e-05
2165,0.07601263426091621,5.81108352338908e-05
2166,0.07600822131641344,5.805540810004364e-05
2167,0.07600381282073616,5.800024788005968e-05
2168,0.07599940875410555,5.794533809777034e-05
2169,0.07599500909531053,5.789069766655278e-05
2170,0.07599061382431911,5.7836311143824125e-05
2171,0.07598622292005275,5.778219237068349e-05
2172,0.07598183636240559,5.772832861787187e-05
2173,0.07597745413051535,5.7674729909641765e-05
2174,0.07597307620418517,5.7621387558717184e-05
2175,0.07596870256217897,5.756831531272429e-05
2176,0.07596433318446284,5.751549741882294e-05
2177,0.0759599680502909,5.746294331767306e-05
2178,0.07595560713854985,5.741065791609262e-05
2179,0.07595125042976011,5.735861977622322e-05
2180,0.07594689790224837,5.730685784781097e-05
2181,0.07594254953579768,5.725535302689099e-05
2182,0.07593820530971586,5.720411163935841e-05
2183,0.07593386520328477,5.7153134096208685e-05
2184,0.07592952919593864,5.7102418460106217e-05
2185,0.07592519726705767,5.7051965511201385e-05
2186,0.07592086939632531,5.700177132417409e-05
2187,0.07591654556220717,5.695185200744651e-05
2188,0.07591222574471505,5.6902187265338224e-05
2189,0.07590790992298897,5.68527886482273e-05
2190,0.07590359807651031,5.680365172789511e-05
2191,0.07589929018425952,5.675478317185649e-05
2192,0.0758949862259133,5.670617387554406e-05
2193,0.07589068618044097,5.6657833226732826e-05
2194,0.07588639002737103,5.6609753925769836e-05
2195,0.07588209774620186,5.65619364371672e-05
2196,0.07587780931569879,5.6514390487886426e-05
2197,0.07587352471592351,5.646709906254266e-05
2198,0.07586924392560128,5.642007984025028e-05
2199,0.0758649669240714,5.637332479651977e-05
2200,0.07586069369086287,5.632683149783534e-05
2201,0.07585642420510891,5.6280605228373505e-05
2202,0.07585215844645572,5.6234639292395474e-05
2203,0.0758478963938797,5.618894258660361e-05
2204,0.0758436380265546,5.6143512576724346e-05
2205,0.07583938332448951,5.6098338315366137e-05
2206,0.07583513226627438,5.60534385801777e-05
2207,0.0758308848315052,5.60088001727771e-05
2208,0.07582664099980885,5.596442275177704e-05
2209,0.07582240075028018,5.592031339849126e-05
2210,0.07581816406222011,5.5876469462176455e-05
2211,0.07581393091489876,5.583289141480523e-05
2212,0.07580970128804566,5.578957326245828e-05
2213,0.07580547516068037,5.574652443540682e-05
2214,0.07580125251257433,5.57037350809916e-05
2215,0.07579703332280574,5.566121440921546e-05
2216,0.07579281757118078,5.5618952881763296e-05
2217,0.07578860523670683,5.5576961101834766e-05
2218,0.0757843962988378,5.55352332435533e-05
2219,0.07578019073732285,5.549376547606365e-05
2220,0.07577598853147369,5.5452563635422674e-05
2221,0.0757717896611604,5.5411620417813134e-05
2222,0.07576759410547121,5.537094620503862e-05
2223,0.07576340184428146,5.533053067403315e-05
2224,0.07575921285669061,5.52903841283997e-05
2225,0.07575502712282271,5.525049310924983e-05
2226,0.07575084462163743,5.521087304870259e-05
2227,0.07574666533389866,5.517150019442198e-05
2228,0.07574248923829266,5.513240203506271e-05
2229,0.07573831631465593,5.5093563450296446e-05
2230,0.07573414654292585,5.50549831707052e-05
2231,0.07572997990303351,5.5016661341417776e-05
2232,0.07572581637446525,5.4978603897573456e-05
2233,0.07572165593762789,5.4940798746725736e-05
2234,0.07571749857148648,5.490326498984544e-05
2235,0.07571334425638342,5.486598450077946e-05
2236,0.07570919297260956,5.482895802095587e-05
2237,0.07570504469970205,5.479219556616198e-05
2238,0.075700899417949,5.47556872793819e-05
2239,0.07569675710738094,5.471943662367993e-05
2240,0.07569261774788016,5.46834456184779e-05
2241,0.07568848132029565,5.46477015537901e-05
2242,0.07568434780382696,5.461222628049025e-05
2243,0.07568021717999897,5.457698913784343e-05
2244,0.07567608942820177,5.4542018390129325e-05
2245,0.07567196452948748,5.45072921375674e-05
2246,0.07566784246367418,5.4472826745343514e-05
2247,0.07566372321189403,5.443860490837551e-05
2248,0.07565960675425606,5.440464020571156e-05
2249,0.07565549307160968,5.4370922911947226e-05
2250,0.07565138214474486,5.433745387042193e-05
2251,0.07564727395414264,5.4304237222751236e-05
2252,0.07564316848102,5.427126329933938e-05
2253,0.07563906570617558,5.423853768693106e-05
2254,0.07563496561097571,5.420605293825046e-05
2255,0.07563086817572585,5.417382313536623e-05
2256,0.0756267733821369,5.414182975449222e-05
2257,0.07562268121134107,5.4110080502252266e-05
2258,0.0756185916448284,5.407857070340938e-05
2259,0.07561450466397439,5.4047301928149616e-05
2260,0.07561042024988922,5.401627774090704e-05
2261,0.07560633838472292,5.398548444529631e-05
2262,0.07560225904973225,5.395493390919903e-05
2263,0.0755981822270426,5.392461469917815e-05
2264,0.0755941078984765,5.389453087476638e-05
2265,0.07559003604585998,5.386468244300164e-05
2266,0.0755859666516338,5.383506132615205e-05
2267,0.07558189969788431,5.380567226502692e-05
2268,0.07557783516640669,5.3776519164913786e-05
2269,0.07557377304055131,5.374758150239203e-05
2270,0.07556971330237133,5.3718876491687257e-05
2271,0.07556565593454875,5.369039586461402e-05
2272,0.07556160091966954,5.366214094302359e-05
2273,0.07555754824096819,5.363410319558955e-05
2274,0.07555349788162795,5.3606283350091635e-05
2275,0.07554944982445941,5.357868638831925e-05
2276,0.07554540405275811,5.355130594193213e-05
2277,0.07554136055012697,5.35241379914581e-05
2278,0.07553731930012653,5.3497183145987186e-05
2279,0.07553328028619358,5.3470443091863854e-05
2280,0.07552924349231967,5.344391053340566e-05
2281,0.07552520890271557,5.3417582615029104e-05
2282,0.07552117650144227,5.339146136606606e-05
2283,0.07551714627204864,5.33655536146767e-05
2284,0.07551311819982437,5.333983635663804e-05
2285,0.07550909226883697,5.331432582017739e-05
2286,0.07550506846439498,5.328900561623711e-05
2287,0.07550104677068238,5.326389068159922e-05
2288,0.0754970271732334,5.3238963178824364e-05
2289,0.07549300965707582,5.321422985770798e-05
2290,0.07548899420756944,5.318968636469227e-05
2291,0.07548498081030282,5.316532971129588e-05
2292,0.07548096945082725,5.314116043366622e-05
2293,0.07547696011524445,5.311717128128358e-05
2294,0.07547295278939213,5.3093365792673036e-05
2295,0.07546894745947082,5.30697392016815e-05
2296,0.07546494411205387,5.3046286608075204e-05
2297,0.0754609427337576,5.302300748187596e-05
2298,0.07545694331116654,5.2999902282889786e-05
2299,0.07545294583117795,5.297696690545206e-05
2300,0.07544895028102516,5.295419693395282e-05
2301,0.0754449566478626,5.29315934507073e-05
2302,0.0754409649193309,5.290915004873465e-05
2303,0.07543697508341037,5.288686226115172e-05
2304,0.07543298712728568,5.286474066968891e-05
2305,0.07542900103954213,5.28427667436781e-05
2306,0.07542501680826087,5.282094719997585e-05
2307,0.07542103442195887,5.27992762948606e-05
2308,0.0754170538690663,5.2777755212102666e-05
2309,0.07541307513868999,5.275637501332621e-05
2310,0.0754090982196669,5.273513930798842e-05
2311,0.07540512310159972,5.27140379746325e-05
2312,0.07540114977338316,5.269308043170876e-05
2313,0.07539717822511217,5.267225079360161e-05
2314,0.07539320844640118,5.265155546191022e-05
2315,0.0753892404275309,5.2630985629272734e-05
2316,0.0753852741585541,5.2610544346921054e-05
2317,0.07538130962991199,5.2590226491356794e-05
2318,0.07537734683271295,5.257002323911155e-05
2319,0.07537338575699279,5.254994884542629e-05
2320,0.07536942639420939,5.252998447175417e-05
2321,0.07536546873589436,5.251012916466132e-05
2322,0.07536151277305576,5.249038989545005e-05
2323,0.07535755849781473,5.2470751920103917e-05
2324,0.07535360590177227,5.245122216330345e-05
2325,0.07534965497683746,5.2431796561429556e-05
2326,0.07534570571590844,5.241246201102846e-05
2327,0.07534175811116622,5.239322805075652e-05
2328,0.07533781215503803,5.237409143510395e-05
2329,0.07533386784080956,5.235504079082351e-05
2330,0.07532992516122,5.2336083391994124e-05
2331,0.07532598410972483,5.23172097508654e-05
2332,0.07532204467967293,5.2298421301113184e-05
2333,0.07531810686539218,5.2279705065045267e-05
2334,0.07531417065995126,5.22610777772065e-05
2335,0.07531023605779301,5.224252121179061e-05
2336,0.07530630305298432,5.222404037712161e-05
2337,0.07530237164013785,5.220562804282071e-05
2338,0.07529844181394273,5.21872832094342e-05
2339,0.07529451356920676,5.216900431584348e-05
2340,0.07529058690088675,5.2150789398520706e-05
2341,0.07528666180419184,5.213263512038981e-05
2342,0.07528273827463897,5.211453740745102e-05
2343,0.07527881630745788,5.209650008719716e-05
2344,0.07527489589868176,5.207851250081709e-05
2345,0.07527097704415593,5.206057715583313e-05
2346,0.07526705973964541,5.204269513098106e-05
2347,0.07526314398164444,5.202485675034426e-05
2348,0.07525922976704397,5.200705675309887e-05
2349,0.07525531709154396,5.19893109738575e-05
2350,0.07525140595234221,5.1971599521466374e-05
2351,0.0752474963462457,5.195392759827759e-05
2352,0.0752435882705137,5.193628920247657e-05
2353,0.07523968172191875,5.191869081124224e-05
2354,0.07523577669807255,5.190112128110818e-05
2355,0.07523187319635408,5.1883583712266935e-05
2356,0.07522797121446095,5.1866073877209574e-05
2357,0.07522407075004595,5.1848592379130865e-05
2358,0.07522017180108578,5.1831134918476184e-05
2359,0.07521627436542704,5.181370323181894e-05
2360,0.07521237844154013,5.179628903146058e-05
2361,0.0752084840270939,5.177890298016048e-05
2362,0.07520459112113077,5.1761526820921944e-05
2363,0.07520069972183054,5.174417202760691e-05
2364,0.0751968098277302,5.172683385568453e-05
2365,0.07519292143771715,5.170950765000781e-05
2366,0.0751890345503927,5.169219721917815e-05
2367,0.07518514916480819,5.167489658234338e-05
2368,0.07518126527982831,5.16576082247791e-05
2369,0.07517738289477871,5.164032601938275e-05
2370,0.07517350200848066,5.162305667754436e-05
2371,0.07516962262030695,5.160579286669447e-05
2372,0.07516574472971367,5.158853348069658e-05
2373,0.07516186833609764,5.1571279310376705e-05
2374,0.07515799343875945,5.15540316382718e-05
2375,0.0751541200373387,5.153678595612677e-05
2376,0.0751502481312983,5.151954461695784e-05
2377,0.0751463777205795,5.150230125698565e-05
2378,0.07514250880467101,5.148506189982987e-05
2379,0.07513864138330865,5.146782325841111e-05
2380,0.07513477545623097,5.145058529821865e-05
2381,0.07513091102340805,5.143334493857348e-05
2382,0.075127048084455,5.141610690497307e-05
2383,0.07512318663964852,5.139886239289369e-05
2384,0.07511932668869407,5.138161900618597e-05
2385,0.07511546823117805,5.136437833116605e-05
2386,0.07511161126807256,5.134712192200323e-05
2387,0.07510775579811206,5.132987956732806e-05
2388,0.07510390182206662,5.131262416888642e-05
2389,0.07510004933972389,5.1295368806017426e-05
2390,0.07509619835094512,5.127811249958684e-05
2391,0.07509234885591692,5.126085091830422e-05
2392,0.07508850085466076,5.124358626131025e-05
2393,0.07508465434691483,5.122632230167469e-05
2394,0.07508080933274544,5.1209054670812274e-05
2395,0.07507696581239891,5.1191780971610107e-05
2396,0.07507312378512376,5.117451449416286e-05
2397,0.07506928325163427,5.1157235717087266e-05
2398,0.07506544421123282,5.113996344660688e-05
2399,0.07506160666414013,5.112268545143699e-05
2400,0.07505777061006594,5.1105408539426585e-05
2401,0.07505393604852141,5.108813535707489e-05
2402,0.07505010297974825,5.107085617314518e-05
2403,0.0750462714034466,5.105357820346904e-05
2404,0.07504244131869606,5.1036309718118174e-05
2405,0.07503861272571695,5.1019035519488e-05
2406,0.07503478562378624,5.100176817901346e-05
2407,0.07503096001249675,5.098450348977191e-05
2408,0.07502713589151636,5.0967240453206786e-05
2409,0.07502331325987613,5.0949987558555104e-05
2410,0.07501949211736891,5.093273465514958e-05
2411,0.07501567246305686,5.091549148420276e-05
2412,0.07501185429623208,5.089825498343975e-05
2413,0.0750080376158101,5.0881030175760724e-05
2414,0.07500422242139763,5.08638078495527e-05
2415,0.07500040871200887,5.084659590675735e-05
2416,0.07499659648597852,5.0829403410206e-05
2417,0.074992785742784,5.0812215128177724e-05
2418,0.07498897648117318,5.0795040790658886e-05
2419,0.0749851686999997,5.077787899182166e-05
2420,0.07498136239742911,5.0760738911142656e-05
2421,0.0749775575726746,5.074360658244432e-05
2422,0.0749737542240256,5.072649432895411e-05
2423,0.07496995235005349,5.070939839481082e-05
2424,0.07496615194876453,5.0692326323133e-05
2425,0.07496235301895555,5.067526757376427e-05
2426,0.07495855555838546,5.065823599661451e-05
2427,0.07495475956540243,5.064122373693961e-05
2428,0.07495096503809888,5.062423421208506e-05
2429,0.07494717197443442,5.060726919975539e-05
2430,0.07494338037213275,5.0590331853525205e-05
2431,0.07493959022921723,5.057341818178264e-05
2432,0.07493580154309609,5.0556536398828284e-05
2433,0.07493201431163636,5.053968038966547e-05
2434,0.07492822853280816,5.0522848784736616e-05
2435,0.07492444420321615,5.050605981370726e-05
2436,0.074920661320709,5.048929688266083e-05
2437,0.07491687988237503,5.047257014707316e-05
2438,0.07491309988585575,5.045587223085176e-05
2439,0.07490932132785189,5.0439215699505616e-05
2440,0.0749055442055513,5.042259405944502e-05
2441,0.07490176851601184,5.0406009054599496e-05
2442,0.07489799425595561,5.038946517554898e-05
2443,0.07489422142252082,5.03729568765122e-05
2444,0.07489045001219719,5.03564928241813e-05
2445,0.07488668002124789,5.0340076053509155e-05
2446,0.0748829114468571,5.032369427669751e-05
2447,0.07487914428542014,5.0307358036369105e-05
2448,0.07487537853309886,5.029107046046669e-05
2449,0.07487161418635986,5.0274827490026045e-05
2450,0.07486785124122283,5.025863510385098e-05
2451,0.07486408969424047,5.024248619407342e-05
2452,0.07486032954139536,5.0226388385410316e-05
2453,0.07485657077843408,5.0210344842330576e-05
2454,0.07485281340168395,5.019434781811708e-05
2455,0.07484905740709333,5.017840238643263e-05
2456,0.07484530279016821,5.016251446823144e-05
2457,0.07484154954661251,5.014668143197955e-05
2458,0.0748377976726618,5.0130896185906846e-05
2459,0.07483404716307576,5.011517846157707e-05
2460,0.07483029801395501,5.009951035502237e-05
2461,0.07482655022094482,5.0083897961822434e-05
2462,0.07482280377924452,5.0068347254255464e-05
2463,0.07481905868423212,5.0052855857281294e-05
2464,0.07481531493110798,5.003742615831465e-05
2465,0.07481157251506948,5.002205821017347e-05
2466,0.07480783143158307,5.000674842999993e-05
2467,0.07480409167551819,4.999150481056571e-05
2468,0.07480035324221537,4.997632106850296e-05
2469,0.07479661612636522,4.996120590568871e-05
2470,0.07479288032322275,4.994615179064314e-05
2471,0.07478914582742986,4.99311669338755e-05
2472,0.07478541263449778,4.9916239726723276e-05
2473,0.07478168073835109,4.9901391397417544e-05
2474,0.07477795013432957,4.988660303816219e-05
2475,0.07477422081673205,4.987188858248086e-05
2476,0.07477049278104117,4.985723221392775e-05
2477,0.0747667660212133,4.984265435818679e-05
2478,0.07476304053195945,4.9828144937883816e-05
2479,0.07475931630789026,4.981370531069232e-05
2480,0.074755593343519,4.979933679340167e-05
2481,0.07475187163364498,4.978503557475317e-05
2482,0.0747481511720803,4.977081487566972e-05
2483,0.07474443195405657,4.975665572197479e-05
2484,0.07474071397324719,4.974257897449548e-05
2485,0.07473699722450944,4.9728568810348305e-05
2486,0.0747332817020904,4.971463340811695e-05
2487,0.07472956739984973,4.9700777967589785e-05
2488,0.07472585431228769,4.9686993933419e-05
2489,0.07472214243399944,4.967328005028612e-05
2490,0.07471843175876351,4.9659647261911474e-05
2491,0.07471472228101175,4.964608684154113e-05
2492,0.0747110139950509,4.963260047879073e-05
2493,0.07470730689499706,4.9619190740437185e-05
2494,0.074703600974612,4.9605862386061024e-05
2495,0.07469989622824162,4.959260761250975e-05
2496,0.07469619265011647,4.9579427979880486e-05
2497,0.07469249023420406,4.95663270248911e-05
2498,0.07468878897446542,4.9553304850815915e-05
2499,0.07468508886488791,4.95403611213203e-05
2500,0.07468138989994799,4.952748930389336e-05
2501,0.07467769207347946,4.9514698018924095e-05
2502,0.0746739953795221,4.950198452469441e-05
2503,0.07467029981186403,4.948935220740537e-05
2504,0.0746666053646864,4.947679582022781e-05
2505,0.0746629120322193,4.9464314723690644e-05
2506,0.07465921980792396,4.9451919230508794e-05
2507,0.0746555286861736,4.943959714360888e-05
2508,0.07465183866096815,4.9427353477879514e-05
2509,0.07464814972604383,4.9415191782127865e-05
2510,0.07464446187575427,4.9403103802270844e-05
2511,0.07464077510384795,4.939109766048041e-05
2512,0.07463708940406705,4.937917345814317e-05
2513,0.07463340477100969,4.936731974384242e-05
2514,0.07462972119775112,4.9355556936895525e-05
2515,0.07462603867933218,4.9343858717893734e-05
2516,0.07462235720913207,4.933224736644157e-05
2517,0.07461867678104099,4.932071605253414e-05
2518,0.07461499738959172,4.930925618079542e-05
2519,0.07461131902848987,4.9297878851938834e-05
2520,0.07460764169156815,4.9286582379224024e-05
2521,0.07460396537307219,4.927536124460188e-05
2522,0.07460029006691403,4.9264219935010235e-05
2523,0.07459661576702102,4.925315826135065e-05
2524,0.07459294246784666,4.9242169186789037e-05
2525,0.0745892701634046,4.923125862273043e-05
2526,0.07458559884727184,4.9220432439046194e-05
2527,0.07458192851373562,4.920968113079586e-05
2528,0.07457825915713598,4.919900400484738e-05
2529,0.07457459077147502,4.918840560800126e-05
2530,0.07457092335076705,4.917788579230295e-05
2531,0.07456725688902913,4.916744453704488e-05
2532,0.074563591380782,4.9157075103082625e-05
2533,0.07455992681997299,4.91467851956939e-05
2534,0.07455626320095593,4.913656937870545e-05
2535,0.07455260051735892,4.91264374012627e-05
2536,0.07454893876398927,4.911637346297347e-05
2537,0.0745452779352002,4.910638366908667e-05
2538,0.07454161802481264,4.909647517501411e-05
2539,0.07453795902684164,4.908664539295539e-05
2540,0.07453430093648605,4.9076878456927225e-05
2541,0.07453064374720424,4.906719773132409e-05
2542,0.07452698745370122,4.905758650656186e-05
2543,0.07452333205057513,4.904804623109331e-05
2544,0.07451967753164067,4.90385874316052e-05
2545,0.07451602389152541,4.902919921664165e-05
2546,0.07451237112492214,4.901988072513302e-05
2547,0.07450871922569166,4.9010643136730124e-05
2548,0.07450506818855232,4.900147495867347e-05
2549,0.07450141800811454,4.899237765337009e-05
2550,0.07449776867916422,4.898334887964545e-05
2551,0.07449412019545906,4.897440245313909e-05
2552,0.0744904725522561,4.896551826356058e-05
2553,0.07448682574380586,4.895670983546175e-05
2554,0.07448317976459423,4.894797402382538e-05
2555,0.07447953460964843,4.893930357596638e-05
2556,0.07447589027303515,4.893071140114115e-05
2557,0.07447224674978006,4.892218463897749e-05
2558,0.07446860403481681,4.891372453811689e-05
2559,0.07446496212270523,4.890533613167576e-05
2560,0.07446132100773872,4.889702301207497e-05
2561,0.07445768068532725,4.88887701991398e-05
2562,0.07445404114993115,4.888059045894228e-05
2563,0.07445040239671051,4.887247440755277e-05
2564,0.07444676442036595,4.8864428229366726e-05
2565,0.07444312721546464,4.8856453730714826e-05
2566,0.07443949077721385,4.884854232779522e-05
2567,0.07443585510066333,4.884069614867358e-05
2568,0.07443222018045573,4.883292067634923e-05
2569,0.07442858601220353,4.882520289441224e-05
2570,0.07442495259021366,4.881756035618811e-05
2571,0.07442131990986976,4.8809978608886824e-05
2572,0.07441768796632689,4.880246073667264e-05
2573,0.07441405675479554,4.879500600710693e-05
2574,0.07441042627019023,4.878761841015787e-05
2575,0.07440679650777784,4.878029322407396e-05
2576,0.0744031674626801,4.8773032412040786e-05
2577,0.07439953913051718,4.8765829287224115e-05
2578,0.07439591150616046,4.875869392633331e-05
2579,0.07439228458497998,4.875161963935985e-05
2580,0.0743886583623214,4.874460676679969e-05
2581,0.0743850328335826,4.873765461868045e-05
2582,0.07438140799420258,4.8730762653922744e-05
2583,0.07437778383964012,4.872393061900992e-05
2584,0.07437416036519438,4.871716067197063e-05
2585,0.07437053756660648,4.871044688249458e-05
2586,0.07436691543925544,4.870379413080324e-05
2587,0.07436329397859692,4.869720139836412e-05
2588,0.0743596731803042,4.869066577069018e-05
2589,0.07435605304010334,4.868418654937727e-05
2590,0.07435243355324234,4.86777701749994e-05
2591,0.07434881471605383,4.867140207211215e-05
2592,0.07434519652390087,4.866509529136919e-05
2593,0.07434157897239746,4.865884646961451e-05
2594,0.0743379620575064,4.865265092642941e-05
2595,0.07433434577507723,4.864651019574438e-05
2596,0.07433073012078655,4.864042661557675e-05
2597,0.0743271150907287,4.8634394576364335e-05
2598,0.0743235006804168,4.862842190878234e-05
2599,0.07431988688648934,4.862249348296849e-05
2600,0.07431627370438149,4.861662549856421e-05
2601,0.07431266113023169,4.8610808504305054e-05
2602,0.07430904916002698,4.860504454791234e-05
2603,0.07430543779012976,4.859932858846497e-05
2604,0.07430182701652649,4.8593665694619255e-05
2605,0.07429821683525008,4.858805525210937e-05
2606,0.07429460724233584,4.858249723862421e-05
2607,0.0742909982343436,4.8576984605025885e-05
2608,0.07428738980764607,4.8571519878414826e-05
2609,0.07428378195798972,4.856611149873289e-05
2610,0.07428017468233684,4.8560743109690714e-05
2611,0.07427656797672032,4.85554272314387e-05
2612,0.07427296183744916,4.8550160156613836e-05
2613,0.07426935626105736,4.854493886604614e-05
2614,0.07426575124401016,4.853976429429479e-05
2615,0.07426214678286813,4.853463516700542e-05
2616,0.07425854287402121,4.8529553790796046e-05
2617,0.0742549395143808,4.852451315308633e-05
2618,0.07425133670022777,4.8519521752897676e-05
2619,0.07424773442829129,4.8514573562789647e-05
2620,0.0742441326953107,4.8509668454105164e-05
2621,0.07424053149797483,4.850480711593214e-05
2622,0.07423693083302657,4.8499988828256667e-05
2623,0.0742333306973284,4.8495211989095144e-05
2624,0.07422973108748704,4.849048005189962e-05
2625,0.07422613200052786,4.8485787385394076e-05
2626,0.07422253343366021,4.848113151872177e-05
2627,0.07421893538307615,4.847652616538868e-05
2628,0.07421533784668047,4.8471948258451596e-05
2629,0.0742117408208128,4.846741889249628e-05
2630,0.07420814430278112,4.8462925029147754e-05
2631,0.07420454828915714,4.845847659676162e-05
2632,0.07420095277786388,4.845405539350534e-05
2633,0.07419735776581973,4.844967496461791e-05
2634,0.07419376324987054,4.8445336295405946e-05
2635,0.07419016922780781,4.8441026648268484e-05
2636,0.07418657569646676,4.8436758919047596e-05
2637,0.07418298265308362,4.843252771015289e-05
2638,0.07417939009531997,4.8428327295115595e-05
2639,0.07417579802060935,4.842416075418649e-05
2640,0.07417220642603932,4.8420032758278214e-05
2641,0.07416861530944395,4.841593325055466e-05
2642,0.0741650246681306,4.8411869338083895e-05
2643,0.07416143449937358,4.840784147359336e-05
2644,0.07415784480133436,4.840383770155167e-05
2645,0.0741542555711845,4.8399871375323604e-05
2646,0.07415066680674562,4.839593373627714e-05
2647,0.07414707850577325,4.839202568093973e-05
2648,0.07414349066567684,4.8388151882870055e-05
2649,0.07413990328463162,4.838430202050354e-05
2650,0.07413631636050798,4.838048021006955e-05
2651,0.07413272989048442,4.837669578997452e-05
2652,0.07412914387293648,4.837293262008271e-05
2653,0.07412555830598717,4.836919411147253e-05
2654,0.07412197318734844,4.836548581447303e-05
2655,0.0741183885149379,4.8361804959919846e-05
2656,0.07411480428695774,4.835814771446463e-05
2657,0.07411122050129282,4.8354518363804244e-05
2658,0.0741076371563382,4.8350910029330324e-05
2659,0.07410405425024379,4.834732602324476e-05
2660,0.07410047178085175,4.8343770503343455e-05
2661,0.07409688974665445,4.834023470044053e-05
2662,0.07409330814584485,4.83367226592764e-05
2663,0.07408972697708005,4.833322812023932e-05
2664,0.07408614623843193,4.8329758985690904e-05
2665,0.07408256592812687,4.832631317520437e-05
2666,0.07407898604504931,4.8322881810440974e-05
2667,0.07407540658733626,4.8319474984104284e-05
2668,0.0740718275536626,4.831608543984011e-05
2669,0.07406824894241709,4.83127170436041e-05
2670,0.07406467075208303,4.83093685236159e-05
2671,0.07406109298179794,4.8306031050434354e-05
2672,0.07405751562996124,4.8302714592430834e-05
2673,0.07405393869521033,4.82994159401656e-05
2674,0.07405036217649244,4.8296130913622024e-05
2675,0.07404678607237024,4.829286470846396e-05
2676,0.0740432103821178,4.828960772111657e-05
2677,0.07403963510396946,4.828637399537908e-05
2678,0.07403606023712461,4.8283150502188645e-05
2679,0.07403248578109954,4.827993296270432e-05
2680,0.0740289117339937,4.827674051641474e-05
2681,0.074025338095423,4.827355268363392e-05
2682,0.07402176486398426,4.827038323188605e-05
2683,0.07401819203973273,4.82672124624491e-05
2684,0.07401461962090762,4.826406490973428e-05
2685,0.07401104760678254,4.8260926603131845e-05
2686,0.07400747599712482,4.825779087328652e-05
2687,0.07400390479071409,4.825467106685751e-05
2688,0.07400033398710781,4.8251556676252765e-05
2689,0.07399676358575914,4.824844911231014e-05
2690,0.07399319358598808,4.824535017574037e-05
2691,0.07398962398696149,4.824226193776724e-05
2692,0.07398605478852832,4.823917518213872e-05
2693,0.07398248599006305,4.823609632215202e-05
2694,0.0739789175913185,4.823302024517018e-05
2695,0.07397534959150613,4.822995426992407e-05
2696,0.073971781990406,4.822689071208535e-05
2697,0.07396821478789974,4.8223828198709736e-05
2698,0.07396464798382367,4.822076734302389e-05
2699,0.07396108157728454,4.821771800917907e-05
2700,0.0739575155687397,4.8214661938328406e-05
2701,0.07395394995778991,4.821161071147326e-05
2702,0.07395038474423647,4.820856161801705e-05
2703,0.07394681992842268,4.820550732924922e-05
2704,0.0739432555096201,4.820246233763131e-05
2705,0.07393969148831626,4.819941019999564e-05
2706,0.07393612786429885,4.819636038084197e-05
2707,0.07393256463758299,4.819330980373231e-05
2708,0.07392900180871297,4.8190251312013284e-05
2709,0.07392543937774042,4.8187191567465244e-05
2710,0.07392187734447331,4.8184133866405785e-05
2711,0.07391831570946694,4.818106809935292e-05
2712,0.07391475447291561,4.81779991488243e-05
2713,0.07391119363504446,4.817492659671793e-05
2714,0.07390763319646425,4.8171845225421056e-05
2715,0.07390407315742178,4.816875995744501e-05
2716,0.0739005135180409,4.816567245623185e-05
2717,0.07389695427932534,4.816257081478212e-05
2718,0.0738933954415509,4.8159464881267044e-05
2719,0.07388983700507924,4.815635349259207e-05
2720,0.07388627897046449,4.81532340436974e-05
2721,0.07388272133878868,4.8150099387631546e-05
2722,0.07387916411043839,4.814695893472489e-05
2723,0.07387560728582226,4.8143812385454687e-05
2724,0.07387205086638554,4.814064570682414e-05
2725,0.07386849485215938,4.8137478037472634e-05
2726,0.07386493924444107,4.8134292236829025e-05
2727,0.07386138404345334,4.813110284926317e-05
2728,0.07385782925084536,4.81278905617415e-05
2729,0.07385427486734841,4.812466779755357e-05
2730,0.07385072089350085,4.812143716724447e-05
2731,0.07384716733044056,4.8118190551189616e-05
2732,0.07384361417938473,4.811492687220981e-05
2733,0.07384006144134987,4.8111648845204704e-05
2734,0.0738365091174297,4.810835542158795e-05
2735,0.0738329572086441,4.8105047598389295e-05
2736,0.07382940571620163,4.8101722817954544e-05
2737,0.07382585464134726,4.80983805831172e-05
2738,0.07382230398523766,4.8095022087472706e-05
2739,0.0738187537492995,4.809164367008625e-05
2740,0.0738152039347676,4.808824792609743e-05
2741,0.07381165454280066,4.808483588404316e-05
2742,0.07380810557499967,4.8081401547858836e-05
2743,0.07380455703271793,4.807794826997107e-05
2744,0.07380100891703209,4.807447979491299e-05
2745,0.0737974612301079,4.807098136258635e-05
2746,0.0737939139729731,4.806746838817906e-05
2747,0.07379036714720881,4.8063933369660604e-05
2748,0.07378682075474313,4.806037160112249e-05
2749,0.07378327479679965,4.80567926251813e-05
2750,0.07377972927486287,4.805319290236948e-05
2751,0.07377618419127305,4.804956083013201e-05
2752,0.0737726395469204,4.804591605685238e-05
2753,0.07376909534381966,4.804224333717398e-05
2754,0.07376555158393512,4.8038543349655114e-05
2755,0.07376200826903437,4.8034818755760043e-05
2756,0.07375846540072595,4.803107170697446e-05
2757,0.0737549229809032,4.8027298337831435e-05
2758,0.07375138101166945,4.802349579668852e-05
2759,0.07374783949469639,4.801966992993685e-05
2760,0.0737442984317199,4.801581986343438e-05
2761,0.07374075782530388,4.801193436383709e-05
2762,0.07373721767691412,4.800802831665809e-05
2763,0.07373367798884518,4.800409047763988e-05
2764,0.07373013876285876,4.800012806842894e-05
2765,0.07372660000138678,4.7996131993755355e-05
2766,0.0737230617062574,4.7992110436532956e-05
2767,0.07371952387988125,4.7988055491455074e-05
2768,0.07371598652414023,4.798397432383927e-05
2769,0.07371244964096627,4.7979866250649726e-05
2770,0.07370891323331245,4.7975717413229565e-05
2771,0.07370537730288244,4.797154475493909e-05
2772,0.07370184185215461,4.796733776018201e-05
2773,0.07369830688323782,4.796310143625209e-05
2774,0.07369477239830945,4.795883484778684e-05
2775,0.07369123839988767,4.795453336466087e-05
2776,0.07368770489061748,4.795019525958806e-05
2777,0.0736841718719675,4.794583648947816e-05
2778,0.07368063934717556,4.794143304052608e-05
2779,0.07367710731881644,4.793699390254459e-05
2780,0.0736735757883523,4.793253417035411e-05
2781,0.07367004475883385,4.7928032278520615e-05
2782,0.07366651423286967,4.7923494219856976e-05
2783,0.07366298421288295,4.7918922504780604e-05
2784,0.07365945470113205,4.791431936416851e-05
2785,0.07365592570016084,4.790968091645541e-05
2786,0.0736523972129417,4.790500133697957e-05
2787,0.0736488692416303,4.7900291706672156e-05
2788,0.07364534178914395,4.7895541678774367e-05
2789,0.07364181485786157,4.7890758555679096e-05
2790,0.07363828845032831,4.788594007449797e-05
2791,0.07363476256968694,4.7881078112617175e-05
2792,0.07363123721812909,4.7876185579061904e-05
2793,0.07362771239818265,4.787125790094806e-05
2794,0.07362418811310299,4.786628519163476e-05
2795,0.07362066436503537,4.786128252054548e-05
2796,0.07361714115745836,4.785623177119555e-05
2797,0.07361361849223595,4.785115486726348e-05
2798,0.07361009637264643,4.784603259104999e-05
2799,0.0736065748016486,4.7840869274196674e-05
2800,0.0736030537815491,4.7835673769444004e-05
2801,0.07359953331545113,4.783043524826064e-05
2802,0.07359601340593631,4.7825160789152883e-05
2803,0.07359249405611788,4.781984316215329e-05
2804,0.07358897526854782,4.781448998556154e-05
2805,0.07358545704631798,4.780909391659056e-05
2806,0.07358193939178127,4.780366498908713e-05
2807,0.07357842230866694,4.779818449202565e-05
2808,0.07357490579912547,4.7792673872803566e-05
2809,0.07357138986621911,4.778712073323059e-05
2810,0.07356787451303895,4.778152467356575e-05
2811,0.07356435974251702,4.7775887847773886e-05
2812,0.0735608455575753,4.777021038463283e-05
2813,0.07355733196080919,4.776449671679251e-05
2814,0.07355381895540046,4.7758738865044504e-05
2815,0.07355030654435377,4.7752939229758054e-05
2816,0.07354679473047375,4.774710052226474e-05
2817,0.07354328351678811,4.774121970242008e-05
2818,0.07353977290631368,4.773529691031192e-05
2819,0.07353626290180046,4.772933576627917e-05
2820,0.07353275350663177,4.772332765093883e-05
2821,0.07352924472345676,4.771728253986564e-05
2822,0.07352573655561317,4.7711191061185906e-05
2823,0.0735222290057255,4.770506290710662e-05
2824,0.07351872207714132,4.76988882356792e-05
2825,0.07351521577235968,4.7692678579909965e-05
2826,0.07351171009491977,4.768641978506796e-05
2827,0.07350820504770637,4.7680120743687486e-05
2828,0.07350470063360288,4.767378146717993e-05
2829,0.07350119685591185,4.766739624590387e-05
2830,0.07349769371725914,4.766097427732687e-05
2831,0.073494191220902,4.7654506964698406e-05
2832,0.0734906893701901,4.764799304180566e-05
2833,0.07348718816765933,4.764144357302891e-05
2834,0.07348368761674644,4.763484629323182e-05
2835,0.07348018772027026,4.7628209602500936e-05
2836,0.07347668848118233,4.762153168763252e-05
2837,0.07347318990302514,4.761480449801904e-05
2838,0.07346969198831754,4.7608041956655403e-05
2839,0.07346619474041827,4.760123262571639e-05
2840,0.07346269816232819,4.7594381367322025e-05
2841,0.07345920225706411,4.7587487956859126e-05
2842,0.073455707027898,4.758054891309113e-05
2843,0.07345221247767783,4.7573569999680905e-05
2844,0.07344871860967155,4.7566545491695554e-05
2845,0.0734452254269114,4.755947858956338e-05
2846,0.07344173293200679,4.7552375042904015e-05
2847,0.07343824112884285,4.754521747417434e-05
2848,0.07343475002005823,4.7538022847027396e-05
2849,0.07343125960895594,4.7530782107007935e-05
2850,0.07342776989818649,4.7523504132114525e-05
2851,0.07342428089123731,4.751617751717839e-05
2852,0.07342079259096275,4.7508810875958366e-05
2853,0.07341730500072312,4.7501397309359645e-05
2854,0.07341381812350828,4.749394185478587e-05
2855,0.07341033196225584,4.748644521626674e-05
2856,0.07340684652051346,4.747889907606407e-05
2857,0.07340336180092838,4.747131569138044e-05
2858,0.07339987780700412,4.746368338972786e-05
2859,0.07339639454134421,4.745601442373136e-05
2860,0.07339291200745701,4.744829645870035e-05
2861,0.07338943020850529,4.744053419450208e-05
2862,0.07338594914758804,4.7432728491734035e-05
2863,0.07338246882740546,4.7424884777187786e-05
2864,0.07337898925171026,4.741698870045425e-05
2865,0.07337551042336027,4.740905244761118e-05
2866,0.07337203234557556,4.740107107456836e-05
2867,0.07336855502172551,4.739304253789585e-05
2868,0.07336507845460379,4.738497467610441e-05
2869,0.07336160264740552,4.737686200962864e-05
2870,0.07335812760348599,4.736870234726908e-05
2871,0.07335465332621141,4.7360495531738554e-05
2872,0.07335117981840068,4.735224901521948e-05
2873,0.07334770708340964,4.734395547068558e-05
2874,0.07334423512454384,4.733561557485311e-05
2875,0.073340763945039,4.7327230271774165e-05
2876,0.0733372935482057,4.731879853193994e-05
2877,0.07333382393718145,4.7310322707374006e-05
2878,0.07333035511497131,4.730180459580572e-05
2879,0.07332688708538979,4.729323315135856e-05
2880,0.0733234198516719,4.7284616266987484e-05
2881,0.07331995341668548,4.7275958942284416e-05
2882,0.07331648778443688,4.7267245642030974e-05
2883,0.07331302295749645,4.7258495941795234e-05
2884,0.07330955893983826,4.7249690688615094e-05
2885,0.0733060957345976,4.7240841313683435e-05
2886,0.07330263334519659,4.723194389667853e-05
2887,0.07329917177506602,4.7222998309798925e-05
2888,0.0732957110278505,4.721400162804564e-05
2889,0.07329225110658504,4.720496215869077e-05
2890,0.07328879201518008,4.719586794953266e-05
2891,0.07328533375669913,4.71867305472904e-05
2892,0.07328187633564075,4.717753036179541e-05
2893,0.07327841975465481,4.716829260903769e-05
2894,0.07327496401765171,4.715900008033885e-05
2895,0.07327150912815773,4.714965800796788e-05
2896,0.07326805508995138,4.714026294058328e-05
2897,0.07326460190694904,4.713081298659436e-05
2898,0.07326114958251714,4.712131564276711e-05
2899,0.07325769812062204,4.7111762711551574e-05
2900,0.07325424752489364,4.710215877541869e-05
2901,0.07325079779947351,4.709249684063755e-05
2902,0.07324734894764981,4.7082788547086895e-05
2903,0.0732439009736369,4.707302124176419e-05
2904,0.0732404538818511,4.7063192156186186e-05
2905,0.07323700767578196,4.705331393354612e-05
2906,0.07323356235952684,4.7043378265484585e-05
2907,0.07323011793756218,4.7033379965228486e-05
2908,0.0732266744136245,4.702332912549462e-05
2909,0.07322323179168062,4.70132225919732e-05
2910,0.07321979007658448,4.700304823930101e-05
2911,0.07321634927237042,4.699281724879115e-05
2912,0.07321290938324294,4.6982527286047804e-05
2913,0.07320947041371283,4.697217415736887e-05
2914,0.07320603236835434,4.696175698390601e-05
2915,0.07320259525132478,4.695128144996183e-05
2916,0.07319915906734889,4.694073979328548e-05
2917,0.0731957238215454,4.693012661967964e-05
2918,0.07319228951805391,4.6919455293118246e-05
2919,0.07318885616167548,4.690871676573109e-05
2920,0.07318542375733862,4.68979092837724e-05
2921,0.07318199231018097,4.688702997790899e-05
2922,0.07317856182508943,4.6876082260715556e-05
2923,0.0731751323068403,4.686506763189036e-05
2924,0.07317170376062988,4.6853980339021604e-05
2925,0.07316827619191414,4.684281682102454e-05
2926,0.0731648496055617,4.6831585090948414e-05
2927,0.07316142400740115,4.68202720161105e-05
2928,0.07315799940251694,4.68088877530267e-05
2929,0.07315457579639889,4.67974267476928e-05
2930,0.07315115319497469,4.678588300109466e-05
2931,0.07314773160365508,4.677426356475946e-05
2932,0.07314431102853923,4.676255901388597e-05
2933,0.07314089147498508,4.675077946687112e-05
2934,0.07313747294945101,4.673890986459895e-05
2935,0.07313405545799816,4.6726955622573836e-05
2936,0.07313063900646523,4.6714919766624415e-05
2937,0.07312722360124638,4.670279468704291e-05
2938,0.07312380924855913,4.669058278303708e-05
2939,0.07312039595512164,4.667827719269922e-05
2940,0.07311698372758325,4.66658788401461e-05
2941,0.0731135725720858,4.665339464995068e-05
2942,0.07311016249606118,4.664080696166746e-05
2943,0.07310675350621432,4.662812570073564e-05
2944,0.07310334560897579,4.661535460250917e-05
2945,0.07309993881227979,4.660247308270951e-05
2946,0.07309653312280015,4.65894983631085e-05
2947,0.07309312854812601,4.657641790508088e-05
2948,0.07308972509576038,4.656323286790506e-05
2949,0.07308632277313853,4.654994415956329e-05
2950,0.07308292158802382,4.653654727263637e-05
2951,0.07307952154818376,4.65230421305379e-05
2952,0.07307612266178674,4.650942322839408e-05
2953,0.0730727249365972,4.649569607400992e-05
2954,0.07306932838100665,4.648185206580981e-05
2955,0.0730659330037046,4.646788710490835e-05
2956,0.07306253881261798,4.6453811606709245e-05
2957,0.07305914581647385,4.643961459965557e-05
2958,0.07305575402420007,4.64252933137212e-05
2959,0.07305236344457892,4.641084971931836e-05
2960,0.07304897408664744,4.63962803072603e-05
2961,0.07304558595915468,4.638158899727409e-05
2962,0.07304219907227129,4.6366756305959865e-05
2963,0.07303881343482575,4.6351800582914195e-05
2964,0.07303542905638591,4.633671168363149e-05
2965,0.07303204594678919,4.6321485892886364e-05
2966,0.07302866411589772,4.630612284833637e-05
2967,0.07302528357373,4.629062038360443e-05
2968,0.07302190433023693,4.627497940023571e-05
2969,0.07301852639610804,4.625918975793336e-05
2970,0.07301514978139349,4.62432601861233e-05
2971,0.07301177449696135,4.622717945864621e-05
2972,0.07300840055338123,4.621095163572824e-05
2973,0.07300502796165387,4.6194570786372945e-05
2974,0.07300165673296538,4.617803434384788e-05
2975,0.07299828687798188,4.6161349403759514e-05
2976,0.07299491840899931,4.6144493612503184e-05
2977,0.07299155133631699,4.612749429291092e-05
2978,0.07298818567242753,4.6110321370685527e-05
2979,0.07298482142910587,4.6092984647665864e-05
2980,0.07298145861775378,4.6075489207793316e-05
2981,0.07297809725098524,4.6057818413097407e-05
2982,0.07297473734096192,4.6039978430236175e-05
2983,0.0729713788998637,4.6021968979903624e-05
2984,0.07296802194076199,4.600377781427691e-05
2985,0.07296466647566696,4.598541944514505e-05
2986,0.07296131251781848,4.5966876989661955e-05
2987,0.07295796008039537,4.594815125195327e-05
2988,0.07295460917631785,4.5929245744095205e-05
2989,0.07295125981897767,4.591015397108294e-05
2990,0.07294791202180069,4.589087543224403e-05
2991,0.07294456579861727,4.58714045498308e-05
2992,0.07294122116284676,4.585174692439435e-05
2993,0.07293787812906087,4.583188672465531e-05
2994,0.07293453671017885,4.581184657036248e-05
2995,0.07293119692138353,4.579159539460814e-05
2996,0.07292785877670802,4.5771148924260144e-05
2997,0.07292452229079775,4.575049872887056e-05
2998,0.07292118747790945,4.5729650103265256e-05
2999,0.07291785435316177,4.570859119221543e-05
3000,0.07291452293151236,4.568732416713917e-05
